hour,minute,day_of_week,class_count_nearby,min_to_class,class_ongoing,status_kor
17,43,4,20,17,114,혼잡
17,45,4,20,15,114,보통
17,46,4,20,14,114,보통
17,47,4,20,13,114,보통
17,51,4,20,9,5,보통
17,52,4,20,8,5,보통
17,57,4,20,3,5,보통
17,58,4,20,2,5,보통
18,0,4,20,0,25,보통
18,0,4,20,0,25,보통
18,1,4,0,999,25,보통
18,2,4,0,999,25,보통
18,2,4,0,999,25,혼잡
18,4,4,0,999,25,보통
18,5,4,0,999,25,보통
18,5,4,0,999,25,보통
18,6,4,0,999,25,보통
18,6,4,0,999,25,보통
18,11,4,0,999,25,보통
18,11,4,0,999,25,보통
18,12,4,0,999,25,보통
18,13,4,0,999,25,보통
18,13,4,0,999,25,보통
18,15,4,0,999,25,여유
18,15,4,0,999,25,여유
18,16,4,0,999,25,보통
18,16,4,0,999,25,보통
18,17,4,0,999,25,보통
18,17,4,0,999,25,보통
18,20,4,0,999,25,보통
18,23,4,0,999,25,보통
18,29,4,0,999,25,보통
18,30,4,0,999,25,보통
18,31,4,0,999,25,여유
18,32,4,0,999,25,보통
18,35,4,0,999,25,혼잡
18,35,4,0,999,25,보통
18,36,4,0,999,25,혼잡
18,37,4,0,999,25,혼잡
18,37,4,0,999,25,혼잡
18,38,4,0,999,25,보통
18,42,4,0,999,25,보통
18,43,4,0,999,25,보통
18,43,4,0,999,25,보통
18,44,4,0,999,25,보통
18,45,4,0,999,25,보통
18,51,4,0,999,20,혼잡
18,53,4,0,999,20,혼잡
18,53,4,0,999,20,혼잡
18,54,4,0,999,20,보통
18,55,4,0,999,20,보통
18,56,4,0,999,20,보통
18,56,4,0,999,20,보통
18,57,4,0,999,20,혼잡
18,58,4,0,999,20,혼잡
19,0,4,0,999,20,혼잡
19,3,4,0,999,20,혼잡
19,5,4,0,999,20,보통
19,6,4,0,999,20,보통
19,6,4,0,999,20,보통
19,7,4,0,999,20,여유
19,7,4,0,999,20,여유
19,8,4,0,999,20,여유
19,8,4,0,999,20,여유
19,9,4,0,999,20,보통
19,9,4,0,999,20,보통
19,10,4,0,999,20,여유
19,11,4,0,999,20,여유
19,11,4,0,999,20,여유
19,12,4,0,999,20,여유
19,13,4,0,999,20,보통
19,14,4,0,999,20,혼잡
19,16,4,0,999,20,보통
19,17,4,0,999,20,보통
19,18,4,0,999,20,혼잡
19,22,4,0,999,20,보통
19,22,4,0,999,20,보통
19,26,4,0,999,20,혼잡
19,27,4,0,999,20,혼잡
19,28,4,0,999,20,혼잡
19,31,4,0,999,20,혼잡
19,32,4,0,999,20,혼잡
19,32,4,0,999,20,혼잡
19,34,4,0,999,20,혼잡
19,34,4,0,999,20,혼잡
19,35,4,0,999,20,혼잡
19,35,4,0,999,20,혼잡
19,36,4,0,999,20,혼잡
19,36,4,0,999,20,보통
19,37,4,0,999,20,보통
19,59,4,0,999,14,여유
20,7,4,0,999,14,보통
20,10,4,0,999,14,보통
20,14,4,0,999,14,혼잡
20,14,4,0,999,14,혼잡
20,16,4,0,999,14,보통
20,18,4,0,999,14,보통
20,21,4,0,999,14,보통
20,22,4,0,999,14,보통
20,24,4,0,999,14,보통
20,24,4,0,999,14,혼잡
20,25,4,0,999,14,보통
20,26,4,0,999,14,보통
20,26,4,0,999,14,보통
20,27,4,0,999,14,보통
20,27,4,0,999,14,보통
20,28,4,0,999,14,보통
20,28,4,0,999,14,보통
20,29,4,0,999,14,보통
20,29,4,0,999,14,보통
20,30,4,0,999,14,보통
20,30,4,0,999,14,보통
20,31,4,0,999,14,보통
20,32,4,0,999,14,여유
20,37,4,0,999,14,보통
20,40,4,0,999,14,여유
20,41,4,0,999,14,여유
20,45,4,0,999,14,여유
20,45,4,0,999,14,여유
20,50,4,0,999,14,보통
20,51,4,0,999,0,여유
20,51,4,0,999,0,여유
20,52,4,0,999,0,여유
20,53,4,0,999,0,보통
20,54,4,0,999,0,혼잡
20,56,4,0,999,0,혼잡
20,58,4,0,999,0,혼잡
20,59,4,0,999,0,보통
20,59,4,0,999,0,보통
8,2,5,0,58,0,보통
8,2,5,0,58,0,여유
8,4,5,0,56,0,여유
8,5,5,0,55,0,여유
8,7,5,0,53,0,여유
8,7,5,0,53,0,여유
8,12,5,0,48,0,보통
8,14,5,0,46,0,보통
8,17,5,0,43,0,보통
8,20,5,0,40,0,혼잡
8,21,5,0,39,0,보통
8,23,5,0,37,0,보통
8,24,5,0,36,0,보통
8,25,5,0,35,0,보통
8,25,5,0,35,0,보통
8,26,5,0,34,0,보통
8,28,5,0,32,0,보통
8,33,5,231,27,0,보통
8,34,5,231,26,0,보통
8,34,5,231,26,0,보통
8,35,5,231,25,0,보통
8,36,5,231,24,0,보통
8,36,5,231,24,0,보통
8,37,5,231,23,0,보통
8,45,5,231,15,0,보통
8,48,5,231,12,0,여유
8,53,5,231,7,0,여유
8,55,5,231,5,0,보통
8,55,5,231,5,0,보통
8,56,5,231,4,0,보통
9,0,5,231,0,231,보통
9,0,5,231,0,231,여유
9,3,5,0,57,231,여유
9,4,5,0,56,231,여유
9,6,5,0,54,231,보통
9,13,5,0,47,231,보통
9,14,5,0,46,231,보통
9,18,5,0,42,231,보통
9,19,5,0,41,231,보통
9,22,5,0,38,231,여유
9,23,5,0,37,231,여유
9,23,5,0,37,231,여유
9,38,5,9,22,231,보통
9,38,5,9,22,231,보통
9,39,5,9,21,231,보통
9,42,5,9,18,231,보통
9,48,5,9,12,231,보통
9,50,5,9,10,231,보통
9,50,5,9,10,231,보통
9,54,5,9,6,231,여유
9,56,5,9,4,231,여유
9,57,5,9,3,231,여유
10,1,5,0,59,240,보통
10,1,5,0,59,240,여유
10,3,5,0,57,240,여유
10,4,5,0,56,240,여유
10,4,5,0,56,240,여유
10,5,5,0,55,240,여유
10,12,5,0,48,240,혼잡
10,14,5,0,46,240,여유
10,15,5,0,45,240,여유
10,16,5,0,44,240,여유
10,18,5,0,42,240,여유
10,24,5,0,36,240,보통
10,25,5,0,35,240,보통
10,25,5,0,35,240,보통
10,26,5,0,34,240,여유
10,27,5,0,33,240,여유
10,28,5,0,32,240,여유
10,29,5,0,31,240,여유
10,30,5,6,30,240,여유
10,30,5,6,30,240,여유
10,31,5,6,29,240,여유
10,32,5,6,28,240,여유
10,32,5,6,28,240,여유
10,33,5,6,27,240,여유
10,34,5,6,26,240,여유
10,34,5,6,26,240,여유
10,35,5,6,25,240,여유
10,35,5,6,25,240,여유
10,37,5,6,23,240,보통
10,38,5,6,22,240,보통
10,38,5,6,22,240,보통
10,40,5,6,20,240,보통
10,40,5,6,20,240,보통
10,41,5,6,19,240,보통
10,42,5,6,18,240,보통
10,42,5,6,18,240,보통
10,43,5,6,17,240,보통
10,43,5,6,17,240,보통
10,46,5,6,14,240,보통
10,47,5,6,13,240,보통
10,48,5,6,12,240,보통
10,51,5,6,9,231,보통
10,52,5,6,8,231,보통
10,58,5,6,2,231,보통
10,59,5,6,1,231,보통
11,0,5,6,0,237,보통
11,0,5,6,0,237,보통
11,3,5,0,57,237,보통
11,6,5,0,54,237,보통
11,10,5,0,50,237,보통
11,10,5,0,50,237,보통
11,11,5,0,49,237,보통
11,11,5,0,49,237,보통
11,12,5,0,48,237,보통
11,13,5,0,47,237,보통
11,16,5,0,44,237,보통
11,17,5,0,43,237,보통
11,17,5,0,43,237,보통
11,22,5,0,38,237,보통
11,26,5,0,34,237,보통
11,26,5,0,34,237,보통
11,27,5,0,33,237,보통
11,27,5,0,33,237,보통
11,30,5,21,30,237,여유
11,30,5,21,30,237,여유
11,31,5,21,29,237,여유
11,32,5,21,28,237,여유
11,32,5,21,28,237,여유
11,33,5,21,27,237,여유
11,36,5,21,24,237,여유
11,49,5,21,11,237,여유
11,51,5,21,9,9,보통
11,53,5,21,7,9,보통
11,54,5,21,6,9,보통
11,57,5,21,3,9,보통
11,58,5,21,2,9,보통
11,58,5,21,2,9,보통
11,59,5,21,1,9,보통
11,59,5,21,1,9,보통
12,0,5,21,0,30,보통
12,1,5,0,59,30,보통
12,1,5,0,59,30,보통
12,6,5,0,54,30,보통
12,9,5,0,51,30,보통
12,10,5,0,50,30,보통
12,12,5,0,48,30,보통
12,15,5,0,45,30,보통
12,17,5,0,43,30,보통
12,17,5,0,43,30,보통
12,18,5,0,42,30,보통
12,22,5,0,38,30,여유
12,24,5,0,36,30,여유
12,25,5,0,35,30,여유
12,30,5,5,30,30,보통
12,31,5,5,29,30,보통
12,32,5,5,28,30,보통
12,32,5,5,28,30,보통
12,35,5,5,25,30,보통
12,35,5,5,25,30,보통
12,36,5,5,24,30,보통
12,36,5,5,24,30,보통
12,44,5,5,16,30,여유
12,44,5,5,16,30,여유
12,51,5,5,9,21,보통
12,52,5,5,8,21,보통
12,53,5,5,7,21,보통
12,55,5,5,5,21,보통
12,56,5,5,4,21,여유
12,57,5,5,3,21,여유
12,59,5,5,1,21,여유
12,59,5,5,1,21,보통
13,14,5,0,46,26,보통
13,15,5,0,45,26,보통
13,19,5,0,41,26,보통
13,23,5,0,37,26,혼잡
13,30,5,5,30,26,여유
13,31,5,5,29,26,여유
13,31,5,5,29,26,여유
13,32,5,5,28,26,여유
13,32,5,5,28,26,여유
13,35,5,5,25,26,보통
13,35,5,5,25,26,보통
13,36,5,5,24,26,혼잡
13,43,5,5,17,26,보통
13,43,5,5,17,26,보통
13,44,5,5,16,26,보통
13,44,5,5,16,26,보통
13,48,5,5,12,26,보통
13,49,5,5,11,26,여유
13,50,5,5,10,26,보통
13,59,5,5,1,26,보통
14,0,5,5,0,31,여유
14,10,5,0,50,31,보통
14,10,5,0,50,31,여유
14,11,5,0,49,31,여유
14,11,5,0,49,31,여유
14,12,5,0,48,31,여유
14,12,5,0,48,31,여유
14,13,5,0,47,31,여유
14,13,5,0,47,31,여유
14,14,5,0,46,31,여유
14,15,5,0,45,31,여유
14,19,5,0,41,31,여유
14,21,5,0,39,31,여유
14,22,5,0,38,31,여유
14,22,5,0,38,31,여유
14,23,5,0,37,31,여유
14,23,5,0,37,31,여유
14,26,5,0,34,31,보통
14,28,5,0,32,31,보통
14,29,5,0,31,31,혼잡
14,29,5,0,31,31,보통
14,36,5,12,24,31,여유
14,45,5,12,15,31,여유
14,46,5,12,14,31,여유
14,46,5,12,14,31,여유
14,47,5,12,13,31,여유
14,48,5,12,12,31,보통
14,54,5,12,6,8,보통
14,55,5,12,5,8,보통
14,56,5,12,4,8,보통
14,57,5,12,3,8,여유
14,58,5,12,2,8,여유
14,59,5,12,1,8,여유
15,0,5,12,0,20,여유
15,0,5,12,0,20,여유
15,2,5,0,58,20,여유
15,2,5,0,58,20,여유
15,3,5,0,57,20,여유
15,4,5,0,56,20,여유
15,4,5,0,56,20,여유
15,5,5,0,55,20,여유
15,5,5,0,55,20,여유
15,6,5,0,54,20,여유
15,6,5,0,54,20,여유
15,7,5,0,53,20,여유
15,9,5,0,51,20,여유
15,16,5,0,44,20,보통
15,17,5,0,43,20,보통
15,17,5,0,43,20,보통
15,18,5,0,42,20,보통
15,18,5,0,42,20,보통
15,23,5,0,37,20,여유
15,27,5,0,33,20,보통
15,28,5,0,32,20,보통
15,31,5,3,29,20,보통
15,34,5,3,26,20,보통
15,35,5,3,25,20,보통
15,38,5,3,22,20,여유
15,39,5,3,21,20,보통
15,42,5,3,18,20,여유
15,45,5,3,15,20,여유
15,50,5,3,10,20,보통
15,50,5,3,10,20,보통
15,51,5,3,9,12,보통
15,51,5,3,9,12,보통
15,54,5,3,6,12,보통
15,55,5,3,5,12,보통
15,56,5,3,4,12,보통
15,57,5,3,3,12,보통
15,58,5,3,2,12,여유
15,59,5,3,1,12,여유
15,59,5,3,1,12,여유
16,0,5,3,0,15,여유
16,1,5,0,119,15,여유
16,3,5,0,117,15,여유
16,3,5,0,117,15,여유
16,4,5,0,116,15,여유
16,4,5,0,116,15,여유
16,6,5,0,114,15,여유
16,6,5,0,114,15,여유
16,7,5,0,113,15,여유
16,7,5,0,113,15,여유
16,8,5,0,112,15,여유
16,9,5,0,111,15,여유
16,12,5,0,108,15,혼잡
16,15,5,0,105,15,혼잡
16,17,5,0,103,15,혼잡
16,17,5,0,103,15,혼잡
16,18,5,0,102,15,혼잡
16,18,5,0,102,15,혼잡
16,21,5,0,99,15,여유
16,21,5,0,99,15,여유
16,22,5,0,98,15,여유
16,22,5,0,98,15,여유
16,23,5,0,97,15,여유
16,24,5,0,96,15,혼잡
16,29,5,0,91,15,보통
16,33,5,0,87,15,여유
16,34,5,0,86,15,여유
16,35,5,0,85,15,여유
16,35,5,0,85,15,여유
16,36,5,0,84,15,여유
16,36,5,0,84,15,여유
16,38,5,0,82,15,여유
16,38,5,0,82,15,여유
16,39,5,0,81,15,여유
16,43,5,0,77,15,보통
16,46,5,0,74,15,여유
16,47,5,0,73,15,여유
16,48,5,0,72,15,여유
16,49,5,0,71,15,여유
16,49,5,0,71,15,여유
16,50,5,0,70,15,여유
16,51,5,0,69,15,여유
16,51,5,0,69,15,여유
16,52,5,0,68,15,여유
16,56,5,0,64,15,보통
16,56,5,0,64,15,혼잡
16,57,5,0,63,15,보통
16,59,5,0,61,15,보통
17,0,5,0,60,15,혼잡
17,1,5,0,59,15,혼잡
17,2,5,0,58,15,보통
17,3,5,0,57,15,여유
17,3,5,0,57,15,여유
17,4,5,0,56,15,여유
17,4,5,0,56,15,여유
17,5,5,0,55,15,여유
17,12,5,0,48,15,보통
17,13,5,0,47,15,여유
17,14,5,0,46,15,여유
17,15,5,0,45,15,여유
17,16,5,0,44,15,여유
17,16,5,0,44,15,여유
17,17,5,0,43,15,여유
17,17,5,0,43,15,여유
17,20,5,0,40,15,보통
17,26,5,0,34,15,보통
17,26,5,0,34,15,여유
17,27,5,0,33,15,여유
17,28,5,0,32,15,여유
17,29,5,0,31,15,여유
17,30,5,2,30,15,여유
17,30,5,2,30,15,여유
17,31,5,2,29,15,여유
17,32,5,2,28,15,여유
17,32,5,2,28,15,여유
17,33,5,2,27,15,여유
17,37,5,2,23,15,보통
17,42,5,2,18,15,보통
17,43,5,2,17,15,여유
17,47,5,2,13,15,보통
17,48,5,2,12,15,여유
17,50,5,2,10,15,보통
17,51,5,2,9,1,보통
17,51,5,2,9,1,보통
17,52,5,2,8,1,보통
17,53,5,2,7,1,여유
17,54,5,2,6,1,여유
17,55,5,2,5,1,여유
17,55,5,2,5,1,여유
17,57,5,2,3,1,여유
18,0,5,2,0,3,보통
18,1,5,0,999,3,여유
18,1,5,0,999,3,여유
18,2,5,0,999,3,여유
18,3,5,0,999,3,여유
18,3,5,0,999,3,여유
18,4,5,0,999,3,여유
18,4,5,0,999,3,여유
18,6,5,0,999,3,보통
18,7,5,0,999,3,보통
18,7,5,0,999,3,보통
18,10,5,0,999,3,보통
18,10,5,0,999,3,여유
18,15,5,0,999,3,여유
18,16,5,0,999,3,여유
18,17,5,0,999,3,여유
18,18,5,0,999,3,여유
18,18,5,0,999,3,여유
18,19,5,0,999,3,여유
18,19,5,0,999,3,여유
18,27,5,0,999,3,보통
18,28,5,0,999,3,보통
18,29,5,0,999,3,보통
18,29,5,0,999,3,보통
18,30,5,0,999,3,여유
18,32,5,0,999,3,여유
18,33,5,0,999,3,여유
18,33,5,0,999,3,여유
18,34,5,0,999,3,여유
18,35,5,0,999,3,여유
18,36,5,0,999,3,여유
18,37,5,0,999,3,여유
18,37,5,0,999,3,보통
18,40,5,0,999,3,여유
18,41,5,0,999,3,여유
18,43,5,0,999,3,여유
18,45,5,0,999,3,보통
18,45,5,0,999,3,여유
18,47,5,0,999,3,보통
18,48,5,0,999,3,보통
18,51,5,0,999,2,보통
18,52,5,0,999,2,보통
18,52,5,0,999,2,보통
18,56,5,0,999,2,보통
18,56,5,0,999,2,보통
18,57,5,0,999,2,여유
18,57,5,0,999,2,여유
18,58,5,0,999,2,여유
19,0,5,0,999,2,여유
19,8,5,0,999,2,여유
19,10,5,0,999,2,여유
19,11,5,0,999,2,여유
19,11,5,0,999,2,여유
19,12,5,0,999,2,여유
19,13,5,0,999,2,여유
19,14,5,0,999,2,여유
19,14,5,0,999,2,여유
19,17,5,0,999,2,여유
19,18,5,0,999,2,여유
19,19,5,0,999,2,혼잡
19,22,5,0,999,2,보통
19,24,5,0,999,2,보통
19,25,5,0,999,2,여유
19,26,5,0,999,2,여유
19,27,5,0,999,2,여유
19,27,5,0,999,2,여유
19,28,5,0,999,2,여유
19,29,5,0,999,2,여유
19,29,5,0,999,2,여유
19,30,5,0,999,2,여유
19,30,5,0,999,2,여유
19,32,5,0,999,2,여유
19,33,5,0,999,2,여유
19,33,5,0,999,2,여유
19,34,5,0,999,2,여유
19,34,5,0,999,2,여유
19,37,5,0,999,2,보통
19,42,5,0,999,2,보통
19,43,5,0,999,2,보통
19,44,5,0,999,2,보통
19,45,5,0,999,2,보통
19,48,5,0,999,2,여유
19,49,5,0,999,2,보통
19,54,5,0,999,2,여유
19,57,5,0,999,2,보통
19,57,5,0,999,2,보통
19,58,5,0,999,2,보통
20,0,5,0,999,2,보통
20,3,5,0,999,2,여유
20,4,5,0,999,2,보통
20,5,5,0,999,2,여유
20,7,5,0,999,2,보통
20,8,5,0,999,2,보통
20,8,5,0,999,2,여유
20,9,5,0,999,2,여유
20,9,5,0,999,2,여유
20,10,5,0,999,2,여유
20,12,5,0,999,2,여유
20,12,5,0,999,2,여유
20,14,5,0,999,2,여유
20,15,5,0,999,2,혼잡
20,21,5,0,999,2,여유
20,23,5,0,999,2,보통
20,25,5,0,999,2,보통
20,30,5,0,999,2,보통
20,31,5,0,999,2,여유
20,32,5,0,999,2,여유
20,32,5,0,999,2,여유
20,34,5,0,999,2,보통
20,36,5,0,999,2,보통
20,36,5,0,999,2,보통
20,37,5,0,999,2,보통
20,43,5,0,999,2,보통
20,44,5,0,999,2,여유
20,44,5,0,999,2,여유
20,45,5,0,999,2,여유
20,46,5,0,999,2,보통
20,47,5,0,999,2,여유
20,48,5,0,999,2,보통
20,51,5,0,999,0,보통
8,0,6,0,999,0,여유
8,0,6,0,999,0,여유
8,1,6,0,999,0,여유
8,2,6,0,999,0,여유
8,2,6,0,999,0,여유
8,3,6,0,999,0,여유
8,3,6,0,999,0,여유
8,4,6,0,999,0,여유
8,5,6,0,999,0,여유
8,8,6,0,999,0,여유
8,8,6,0,999,0,여유
8,9,6,0,999,0,여유
8,10,6,0,999,0,여유
8,15,6,0,999,0,보통
8,16,6,0,999,0,보통
8,17,6,0,999,0,보통
8,19,6,0,999,0,보통
8,19,6,0,999,0,여유
8,20,6,0,999,0,여유
8,21,6,0,999,0,여유
8,24,6,0,999,0,여유
8,25,6,0,999,0,여유
8,26,6,0,999,0,여유
8,27,6,0,999,0,여유
8,29,6,0,999,0,여유
8,30,6,0,999,0,여유
8,31,6,0,999,0,보통
8,36,6,0,999,0,보통
8,37,6,0,999,0,여유
8,38,6,0,999,0,보통
8,39,6,0,999,0,보통
8,40,6,0,999,0,여유
8,40,6,0,999,0,여유
8,41,6,0,999,0,여유
8,42,6,0,999,0,여유
8,42,6,0,999,0,여유
8,44,6,0,999,0,여유
8,45,6,0,999,0,여유
8,46,6,0,999,0,여유
8,48,6,0,999,0,보통
8,49,6,0,999,0,보통
8,49,6,0,999,0,여유
8,50,6,0,999,0,여유
8,50,6,0,999,0,여유
8,51,6,0,999,0,여유
8,54,6,0,999,0,여유
8,55,6,0,999,0,보통
8,55,6,0,999,0,보통
8,56,6,0,999,0,여유
8,56,6,0,999,0,여유
8,57,6,0,999,0,여유
8,58,6,0,999,0,여유
9,1,6,0,999,0,보통
9,2,6,0,999,0,여유
9,3,6,0,999,0,여유
9,3,6,0,999,0,여유
9,4,6,0,999,0,여유
9,6,6,0,999,0,여유
9,6,6,0,999,0,여유
9,7,6,0,999,0,여유
9,7,6,0,999,0,여유
9,8,6,0,999,0,여유
9,15,6,0,999,0,보통
9,15,6,0,999,0,보통
9,16,6,0,999,0,여유
9,16,6,0,999,0,여유
9,17,6,0,999,0,여유
9,17,6,0,999,0,여유
9,19,6,0,999,0,여유
9,19,6,0,999,0,여유
9,20,6,0,999,0,여유
9,22,6,0,999,0,여유
9,23,6,0,999,0,여유
9,23,6,0,999,0,여유
9,24,6,0,999,0,여유
9,25,6,0,999,0,여유
9,25,6,0,999,0,여유
9,26,6,0,999,0,여유
9,27,6,0,999,0,여유
9,27,6,0,999,0,여유
9,28,6,0,999,0,여유
9,30,6,0,999,0,여유
9,30,6,0,999,0,여유
9,31,6,0,999,0,여유
9,37,6,0,999,0,보통
9,38,6,0,999,0,보통
9,40,6,0,999,0,보통
9,40,6,0,999,0,여유
9,42,6,0,999,0,여유
9,43,6,0,999,0,여유
9,44,6,0,999,0,보통
9,45,6,0,999,0,여유
9,45,6,0,999,0,여유
9,49,6,0,999,0,여유
9,51,6,0,999,0,보통
9,52,6,0,999,0,보통
9,53,6,0,999,0,보통
9,53,6,0,999,0,보통
9,54,6,0,999,0,여유
9,57,6,0,999,0,여유
9,57,6,0,999,0,여유
9,58,6,0,999,0,여유
9,58,6,0,999,0,여유
9,59,6,0,999,0,여유
9,59,6,0,999,0,여유
10,0,6,0,999,0,여유
10,1,6,0,999,0,여유
10,1,6,0,999,0,여유
10,2,6,0,999,0,여유
10,2,6,0,999,0,여유
10,3,6,0,999,0,여유
10,3,6,0,999,0,여유
10,4,6,0,999,0,여유
10,5,6,0,999,0,여유
10,5,6,0,999,0,여유
10,6,6,0,999,0,여유
10,6,6,0,999,0,여유
10,7,6,0,999,0,여유
10,8,6,0,999,0,여유
10,8,6,0,999,0,여유
10,9,6,0,999,0,여유
10,10,6,0,999,0,여유
10,10,6,0,999,0,여유
10,11,6,0,999,0,여유
10,11,6,0,999,0,여유
10,13,6,0,999,0,여유
10,13,6,0,999,0,여유
10,15,6,0,999,0,여유
10,15,6,0,999,0,여유
10,16,6,0,999,0,여유
10,16,6,0,999,0,여유
10,17,6,0,999,0,여유
10,18,6,0,999,0,여유
10,19,6,0,999,0,여유
10,20,6,0,999,0,여유
10,20,6,0,999,0,여유
10,21,6,0,999,0,여유
10,22,6,0,999,0,여유
10,22,6,0,999,0,여유
10,23,6,0,999,0,여유
10,23,6,0,999,0,여유
10,24,6,0,999,0,여유
10,25,6,0,999,0,여유
10,25,6,0,999,0,여유
10,27,6,0,999,0,여유
10,28,6,0,999,0,여유
10,29,6,0,999,0,여유
10,31,6,0,999,0,보통
10,31,6,0,999,0,보통
10,32,6,0,999,0,여유
10,33,6,0,999,0,여유
10,33,6,0,999,0,여유
10,35,6,0,999,0,여유
10,35,6,0,999,0,여유
10,43,6,0,999,0,여유
10,44,6,0,999,0,여유
10,52,6,0,999,0,여유
10,55,6,0,999,0,여유
10,56,6,0,999,0,여유
10,57,6,0,999,0,여유
10,57,6,0,999,0,여유
10,59,6,0,999,0,여유
11,0,6,0,999,0,여유
11,1,6,0,999,0,여유
11,1,6,0,999,0,여유
11,7,6,0,999,0,여유
11,8,6,0,999,0,여유
11,9,6,0,999,0,여유
11,9,6,0,999,0,여유
11,15,6,0,999,0,여유
11,18,6,0,999,0,여유
11,20,6,0,999,0,여유
11,20,6,0,999,0,여유
11,21,6,0,999,0,여유
11,22,6,0,999,0,여유
11,24,6,0,999,0,여유
11,26,6,0,999,0,여유
11,26,6,0,999,0,여유
11,27,6,0,999,0,여유
11,27,6,0,999,0,여유
11,28,6,0,999,0,여유
11,29,6,0,999,0,여유
11,30,6,0,999,0,여유
11,31,6,0,999,0,여유
11,32,6,0,999,0,여유
11,34,6,0,999,0,여유
11,34,6,0,999,0,여유
11,35,6,0,999,0,여유
11,36,6,0,999,0,여유
11,36,6,0,999,0,여유
11,37,6,0,999,0,여유
11,37,6,0,999,0,여유
11,38,6,0,999,0,여유
11,39,6,0,999,0,여유
11,39,6,0,999,0,여유
11,40,6,0,999,0,여유
11,40,6,0,999,0,여유
11,42,6,0,999,0,여유
11,43,6,0,999,0,여유
11,43,6,0,999,0,여유
11,45,6,0,999,0,여유
11,45,6,0,999,0,여유
11,46,6,0,999,0,여유
11,47,6,0,999,0,여유
11,48,6,0,999,0,여유
11,49,6,0,999,0,여유
11,49,6,0,999,0,여유
11,50,6,0,999,0,여유
11,51,6,0,999,0,여유
11,52,6,0,999,0,여유
11,52,6,0,999,0,여유
11,53,6,0,999,0,여유
11,53,6,0,999,0,여유
11,54,6,0,999,0,여유
11,54,6,0,999,0,여유
11,55,6,0,999,0,여유
11,56,6,0,999,0,여유
11,56,6,0,999,0,여유
11,58,6,0,999,0,여유
11,58,6,0,999,0,여유
11,59,6,0,999,0,여유
12,0,6,0,999,0,여유
12,0,6,0,999,0,여유
12,1,6,0,999,0,여유
12,1,6,0,999,0,여유
12,2,6,0,999,0,여유
12,3,6,0,999,0,여유
12,3,6,0,999,0,여유
12,5,6,0,999,0,여유
12,6,6,0,999,0,여유
12,6,6,0,999,0,여유
12,7,6,0,999,0,여유
12,7,6,0,999,0,여유
12,8,6,0,999,0,여유
12,8,6,0,999,0,여유
12,9,6,0,999,0,여유
12,9,6,0,999,0,여유
12,10,6,0,999,0,여유
12,10,6,0,999,0,여유
12,11,6,0,999,0,여유
12,11,6,0,999,0,여유
12,12,6,0,999,0,여유
12,13,6,0,999,0,여유
12,14,6,0,999,0,여유
12,14,6,0,999,0,여유
12,15,6,0,999,0,여유
12,15,6,0,999,0,여유
12,17,6,0,999,0,여유
12,17,6,0,999,0,여유
12,18,6,0,999,0,여유
12,18,6,0,999,0,여유
12,21,6,0,999,0,보통
12,21,6,0,999,0,보통
12,22,6,0,999,0,여유
12,23,6,0,999,0,여유
12,24,6,0,999,0,여유
12,25,6,0,999,0,여유
12,26,6,0,999,0,여유
12,27,6,0,999,0,여유
12,28,6,0,999,0,여유
12,31,6,0,999,0,여유
12,32,6,0,999,0,여유
12,32,6,0,999,0,여유
12,33,6,0,999,0,여유
12,34,6,0,999,0,여유
12,35,6,0,999,0,여유
12,35,6,0,999,0,여유
12,36,6,0,999,0,여유
12,36,6,0,999,0,여유
12,43,6,0,999,0,여유
12,44,6,0,999,0,여유
12,45,6,0,999,0,여유
12,48,6,0,999,0,여유
12,49,6,0,999,0,여유
12,50,6,0,999,0,여유
12,52,6,0,999,0,보통
12,53,6,0,999,0,여유
12,54,6,0,999,0,여유
12,54,6,0,999,0,여유
12,57,6,0,999,0,여유
12,57,6,0,999,0,여유
12,58,6,0,999,0,여유
12,59,6,0,999,0,여유
13,10,6,0,999,0,보통
13,11,6,0,999,0,보통
13,12,6,0,999,0,여유
13,16,6,0,999,0,보통
13,17,6,0,999,0,보통
13,18,6,0,999,0,보통
13,22,6,0,999,0,보통
13,22,6,0,999,0,보통
13,26,6,0,999,0,여유
13,28,6,0,999,0,여유
13,30,6,0,999,0,보통
13,31,6,0,999,0,보통
13,32,6,0,999,0,보통
13,33,6,0,999,0,여유
13,34,6,0,999,0,여유
13,34,6,0,999,0,여유
13,39,6,0,999,0,여유
13,39,6,0,999,0,여유
13,40,6,0,999,0,여유
13,41,6,0,999,0,여유
13,42,6,0,999,0,여유
13,42,6,0,999,0,여유
13,43,6,0,999,0,여유
13,45,6,0,999,0,여유
13,45,6,0,999,0,여유
13,46,6,0,999,0,여유
13,47,6,0,999,0,여유
13,47,6,0,999,0,여유
13,48,6,0,999,0,여유
13,48,6,0,999,0,여유
13,49,6,0,999,0,여유
13,51,6,0,999,0,여유
13,52,6,0,999,0,여유
13,52,6,0,999,0,여유
13,53,6,0,999,0,여유
13,53,6,0,999,0,여유
13,54,6,0,999,0,여유
13,56,6,0,999,0,보통
13,57,6,0,999,0,보통
13,58,6,0,999,0,여유
14,1,6,0,999,0,보통
14,2,6,0,999,0,보통
14,4,6,0,999,0,보통
14,6,6,0,999,0,보통
14,10,6,0,999,0,보통
14,16,6,0,999,0,보통
14,17,6,0,999,0,보통
14,17,6,0,999,0,여유
14,18,6,0,999,0,여유
14,18,6,0,999,0,여유
14,20,6,0,999,0,여유
14,20,6,0,999,0,여유
14,21,6,0,999,0,여유
14,22,6,0,999,0,여유
14,23,6,0,999,0,여유
14,23,6,0,999,0,여유
14,24,6,0,999,0,여유
14,24,6,0,999,0,여유
14,25,6,0,999,0,여유
14,26,6,0,999,0,여유
14,26,6,0,999,0,여유
14,27,6,0,999,0,여유
14,27,6,0,999,0,여유
14,28,6,0,999,0,여유
14,33,6,0,999,0,보통
14,33,6,0,999,0,여유
14,34,6,0,999,0,여유
14,35,6,0,999,0,여유
14,36,6,0,999,0,여유
14,38,6,0,999,0,여유
14,38,6,0,999,0,여유
14,39,6,0,999,0,여유
14,39,6,0,999,0,여유
14,40,6,0,999,0,여유
14,41,6,0,999,0,보통
14,43,6,0,999,0,여유
14,44,6,0,999,0,여유
14,44,6,0,999,0,여유
14,45,6,0,999,0,여유
14,45,6,0,999,0,여유
14,46,6,0,999,0,여유
14,46,6,0,999,0,여유
14,48,6,0,999,0,여유
14,49,6,0,999,0,여유
14,49,6,0,999,0,여유
14,50,6,0,999,0,여유
14,53,6,0,999,0,보통
14,54,6,0,999,0,보통
14,56,6,0,999,0,여유
14,56,6,0,999,0,여유
14,57,6,0,999,0,여유
14,57,6,0,999,0,여유
14,58,6,0,999,0,여유
15,0,6,0,999,0,여유
15,0,6,0,999,0,여유
15,1,6,0,999,0,여유
15,4,6,0,999,0,여유
15,4,6,0,999,0,여유
15,5,6,0,999,0,여유
15,6,6,0,999,0,여유
15,6,6,0,999,0,여유
15,7,6,0,999,0,여유
15,8,6,0,999,0,여유
15,8,6,0,999,0,여유
15,10,6,0,999,0,여유
15,10,6,0,999,0,여유
15,11,6,0,999,0,여유
15,12,6,0,999,0,여유
15,12,6,0,999,0,여유
15,13,6,0,999,0,여유
15,13,6,0,999,0,여유
15,14,6,0,999,0,여유
15,14,6,0,999,0,여유
15,15,6,0,999,0,여유
15,16,6,0,999,0,여유
15,16,6,0,999,0,여유
15,17,6,0,999,0,여유
15,17,6,0,999,0,여유
15,18,6,0,999,0,여유
15,18,6,0,999,0,여유
15,19,6,0,999,0,여유
15,19,6,0,999,0,여유
15,21,6,0,999,0,여유
15,21,6,0,999,0,여유
15,22,6,0,999,0,여유
15,22,6,0,999,0,여유
15,23,6,0,999,0,여유
15,23,6,0,999,0,여유
15,24,6,0,999,0,여유
15,25,6,0,999,0,여유
15,26,6,0,999,0,여유
15,27,6,0,999,0,여유
15,28,6,0,999,0,여유
15,29,6,0,999,0,여유
15,29,6,0,999,0,여유
15,30,6,0,999,0,여유
15,30,6,0,999,0,여유
15,31,6,0,999,0,여유
15,31,6,0,999,0,여유
15,32,6,0,999,0,여유
15,33,6,0,999,0,여유
15,35,6,0,999,0,여유
15,36,6,0,999,0,여유
15,37,6,0,999,0,여유
15,38,6,0,999,0,여유
15,39,6,0,999,0,여유
15,40,6,0,999,0,여유
15,41,6,0,999,0,여유
15,42,6,0,999,0,여유
15,42,6,0,999,0,여유
15,43,6,0,999,0,여유
15,44,6,0,999,0,여유
15,44,6,0,999,0,여유
15,45,6,0,999,0,여유
15,46,6,0,999,0,여유
15,47,6,0,999,0,여유
15,47,6,0,999,0,여유
15,48,6,0,999,0,여유
15,49,6,0,999,0,여유
15,50,6,0,999,0,여유
15,51,6,0,999,0,여유
15,56,6,0,999,0,보통
15,58,6,0,999,0,보통
15,58,6,0,999,0,보통
15,59,6,0,999,0,여유
16,0,6,0,999,0,여유
16,0,6,0,999,0,여유
16,2,6,0,999,0,여유
16,2,6,0,999,0,여유
16,4,6,0,999,0,여유
16,5,6,0,999,0,보통
16,6,6,0,999,0,여유
16,9,6,0,999,0,보통
16,9,6,0,999,0,여유
16,10,6,0,999,0,여유
16,11,6,0,999,0,여유
16,12,6,0,999,0,여유
16,13,6,0,999,0,여유
16,13,6,0,999,0,여유
16,17,6,0,999,0,보통
16,19,6,0,999,0,보통
16,20,6,0,999,0,보통
16,21,6,0,999,0,보통
16,23,6,0,999,0,여유
16,23,6,0,999,0,여유
16,24,6,0,999,0,여유
16,26,6,0,999,0,여유
16,26,6,0,999,0,여유
16,27,6,0,999,0,여유
16,28,6,0,999,0,여유
16,29,6,0,999,0,여유
16,30,6,0,999,0,여유
16,30,6,0,999,0,여유
16,31,6,0,999,0,여유
16,32,6,0,999,0,여유
16,32,6,0,999,0,여유
16,35,6,0,999,0,여유
16,35,6,0,999,0,여유
16,36,6,0,999,0,여유
16,36,6,0,999,0,여유
16,37,6,0,999,0,여유
16,38,6,0,999,0,여유
16,39,6,0,999,0,여유
16,39,6,0,999,0,여유
16,40,6,0,999,0,여유
16,41,6,0,999,0,여유
16,41,6,0,999,0,여유
16,42,6,0,999,0,여유
16,42,6,0,999,0,여유
16,45,6,0,999,0,여유
16,45,6,0,999,0,여유
16,50,6,0,999,0,여유
16,51,6,0,999,0,여유
16,51,6,0,999,0,여유
16,52,6,0,999,0,여유
16,53,6,0,999,0,여유
16,53,6,0,999,0,여유
16,54,6,0,999,0,여유
16,54,6,0,999,0,여유
16,56,6,0,999,0,보통
16,57,6,0,999,0,여유
16,57,6,0,999,0,여유
16,58,6,0,999,0,여유
16,59,6,0,999,0,보통
17,0,6,0,999,0,여유
17,3,6,0,999,0,보통
17,4,6,0,999,0,여유
17,4,6,0,999,0,여유
17,6,6,0,999,0,여유
17,6,6,0,999,0,여유
17,7,6,0,999,0,여유
17,7,6,0,999,0,여유
17,8,6,0,999,0,여유
17,8,6,0,999,0,여유
17,9,6,0,999,0,여유
17,9,6,0,999,0,여유
17,13,6,0,999,0,여유
17,13,6,0,999,0,여유
17,14,6,0,999,0,여유
17,15,6,0,999,0,여유
17,16,6,0,999,0,여유
17,17,6,0,999,0,여유
17,17,6,0,999,0,여유
17,19,6,0,999,0,여유
17,19,6,0,999,0,여유
17,20,6,0,999,0,여유
17,20,6,0,999,0,여유
17,23,6,0,999,0,여유
17,24,6,0,999,0,여유
17,25,6,0,999,0,여유
17,26,6,0,999,0,여유
17,30,6,0,999,0,여유
17,30,6,0,999,0,여유
17,31,6,0,999,0,여유
17,31,6,0,999,0,여유
17,32,6,0,999,0,여유
17,32,6,0,999,0,여유
17,33,6,0,999,0,여유
17,34,6,0,999,0,여유
17,35,6,0,999,0,여유
17,36,6,0,999,0,여유
17,37,6,0,999,0,여유
17,37,6,0,999,0,여유
17,38,6,0,999,0,여유
17,38,6,0,999,0,여유
17,39,6,0,999,0,여유
17,40,6,0,999,0,여유
17,42,6,0,999,0,여유
17,42,6,0,999,0,여유
17,43,6,0,999,0,여유
17,43,6,0,999,0,여유
17,44,6,0,999,0,여유
17,44,6,0,999,0,여유
17,45,6,0,999,0,여유
17,46,6,0,999,0,여유
17,47,6,0,999,0,여유
17,47,6,0,999,0,여유
17,48,6,0,999,0,여유
17,48,6,0,999,0,여유
17,49,6,0,999,0,여유
17,50,6,0,999,0,여유
17,52,6,0,999,0,여유
17,53,6,0,999,0,여유
17,54,6,0,999,0,여유
17,55,6,0,999,0,여유
17,55,6,0,999,0,여유
17,56,6,0,999,0,여유
17,56,6,0,999,0,여유
17,59,6,0,999,0,여유
18,0,6,0,999,0,여유
18,2,6,0,999,0,여유
18,2,6,0,999,0,여유
18,3,6,0,999,0,여유
18,3,6,0,999,0,여유
18,4,6,0,999,0,여유
18,4,6,0,999,0,여유
18,5,6,0,999,0,여유
18,6,6,0,999,0,여유
18,6,6,0,999,0,여유
18,7,6,0,999,0,여유
18,7,6,0,999,0,여유
18,8,6,0,999,0,여유
18,9,6,0,999,0,여유
18,10,6,0,999,0,여유
18,11,6,0,999,0,여유
18,12,6,0,999,0,여유
18,13,6,0,999,0,여유
18,13,6,0,999,0,여유
18,14,6,0,999,0,여유
18,14,6,0,999,0,여유
18,15,6,0,999,0,여유
18,15,6,0,999,0,여유
18,16,6,0,999,0,여유
18,17,6,0,999,0,여유
18,18,6,0,999,0,여유
18,19,6,0,999,0,여유
18,19,6,0,999,0,여유
18,20,6,0,999,0,여유
18,22,6,0,999,0,여유
18,23,6,0,999,0,여유
18,23,6,0,999,0,여유
18,24,6,0,999,0,여유
18,24,6,0,999,0,여유
18,25,6,0,999,0,여유
18,25,6,0,999,0,여유
18,26,6,0,999,0,여유
18,26,6,0,999,0,여유
18,33,6,0,999,0,보통
18,34,6,0,999,0,여유
18,35,6,0,999,0,여유
18,35,6,0,999,0,여유
18,36,6,0,999,0,여유
18,37,6,0,999,0,여유
18,40,6,0,999,0,보통
18,41,6,0,999,0,보통
18,44,6,0,999,0,보통
18,46,6,0,999,0,보통
18,47,6,0,999,0,여유
18,48,6,0,999,0,여유
18,48,6,0,999,0,여유
18,49,6,0,999,0,여유
18,49,6,0,999,0,여유
18,50,6,0,999,0,여유
18,50,6,0,999,0,여유
18,53,6,0,999,0,여유
18,53,6,0,999,0,여유
18,57,6,0,999,0,보통
18,58,6,0,999,0,여유
18,58,6,0,999,0,여유
18,59,6,0,999,0,여유
18,59,6,0,999,0,여유
19,0,6,0,999,0,여유
19,1,6,0,999,0,여유
19,1,6,0,999,0,여유
19,2,6,0,999,0,여유
19,2,6,0,999,0,여유
19,3,6,0,999,0,여유
19,4,6,0,999,0,여유
19,5,6,0,999,0,여유
19,5,6,0,999,0,여유
19,6,6,0,999,0,여유
19,7,6,0,999,0,여유
19,7,6,0,999,0,여유
19,8,6,0,999,0,여유
19,8,6,0,999,0,여유
19,9,6,0,999,0,여유
19,10,6,0,999,0,여유
19,11,6,0,999,0,여유
19,12,6,0,999,0,여유
19,12,6,0,999,0,여유
19,13,6,0,999,0,여유
19,14,6,0,999,0,여유
19,14,6,0,999,0,여유
19,15,6,0,999,0,여유
19,15,6,0,999,0,여유
19,17,6,0,999,0,여유
19,18,6,0,999,0,여유
19,18,6,0,999,0,여유
19,19,6,0,999,0,여유
19,20,6,0,999,0,여유
19,20,6,0,999,0,여유
19,21,6,0,999,0,여유
19,21,6,0,999,0,여유
19,23,6,0,999,0,여유
19,23,6,0,999,0,여유
19,24,6,0,999,0,여유
19,25,6,0,999,0,여유
19,26,6,0,999,0,여유
19,27,6,0,999,0,여유
19,27,6,0,999,0,여유
19,28,6,0,999,0,여유
19,28,6,0,999,0,여유
19,29,6,0,999,0,여유
19,30,6,0,999,0,여유
19,30,6,0,999,0,여유
19,31,6,0,999,0,여유
19,31,6,0,999,0,여유
19,32,6,0,999,0,여유
19,32,6,0,999,0,여유
19,33,6,0,999,0,여유
19,33,6,0,999,0,여유
19,34,6,0,999,0,여유
19,34,6,0,999,0,여유
19,35,6,0,999,0,여유
19,35,6,0,999,0,여유
19,36,6,0,999,0,여유
19,37,6,0,999,0,여유
19,38,6,0,999,0,여유
19,38,6,0,999,0,여유
19,39,6,0,999,0,여유
19,39,6,0,999,0,여유
19,40,6,0,999,0,여유
19,40,6,0,999,0,여유
19,41,6,0,999,0,여유
19,44,6,0,999,0,보통
19,45,6,0,999,0,보통
19,45,6,0,999,0,보통
19,49,6,0,999,0,보통
19,50,6,0,999,0,여유
19,50,6,0,999,0,여유
19,52,6,0,999,0,여유
19,53,6,0,999,0,보통
19,55,6,0,999,0,보통
19,56,6,0,999,0,보통
19,59,6,0,999,0,보통
20,0,6,0,999,0,여유
20,0,6,0,999,0,여유
20,1,6,0,999,0,여유
20,2,6,0,999,0,여유
20,2,6,0,999,0,여유
20,4,6,0,999,0,보통
20,6,6,0,999,0,보통
20,6,6,0,999,0,보통
20,10,6,0,999,0,보통
20,10,6,0,999,0,보통
20,11,6,0,999,0,보통
20,13,6,0,999,0,여유
20,13,6,0,999,0,여유
20,14,6,0,999,0,여유
20,15,6,0,999,0,여유
20,16,6,0,999,0,여유
20,16,6,0,999,0,여유
20,17,6,0,999,0,여유
20,17,6,0,999,0,여유
20,18,6,0,999,0,여유
20,20,6,0,999,0,여유
20,22,6,0,999,0,여유
20,23,6,0,999,0,여유
20,24,6,0,999,0,여유
20,24,6,0,999,0,여유
20,25,6,0,999,0,여유
20,26,6,0,999,0,여유
20,27,6,0,999,0,보통
20,28,6,0,999,0,보통
20,29,6,0,999,0,보통
20,30,6,0,999,0,여유
20,30,6,0,999,0,여유
20,31,6,0,999,0,여유
20,31,6,0,999,0,여유
20,32,6,0,999,0,여유
20,33,6,0,999,0,여유
20,34,6,0,999,0,보통
20,34,6,0,999,0,보통
20,35,6,0,999,0,보통
20,36,6,0,999,0,여유
20,37,6,0,999,0,여유
20,38,6,0,999,0,여유
20,39,6,0,999,0,보통
20,43,6,0,999,0,보통
20,45,6,0,999,0,여유
20,48,6,0,999,0,여유
20,49,6,0,999,0,여유
20,49,6,0,999,0,여유
20,50,6,0,999,0,여유
20,50,6,0,999,0,여유
20,51,6,0,999,0,보통
20,53,6,0,999,0,여유
20,54,6,0,999,0,여유
20,55,6,0,999,0,여유
20,56,6,0,999,0,여유
20,56,6,0,999,0,여유
20,57,6,0,999,0,여유
20,57,6,0,999,0,여유
20,59,6,0,999,0,여유
20,59,6,0,999,0,여유
8,0,0,0,60,0,여유
8,0,0,0,60,0,여유
8,2,0,0,58,0,여유
8,2,0,0,58,0,여유
8,3,0,0,57,0,여유
8,4,0,0,56,0,여유
8,4,0,0,56,0,여유
8,5,0,0,55,0,여유
8,7,0,0,53,0,여유
8,8,0,0,52,0,여유
8,8,0,0,52,0,여유
8,9,0,0,51,0,여유
8,9,0,0,51,0,여유
8,10,0,0,50,0,여유
8,11,0,0,49,0,여유
8,11,0,0,49,0,여유
8,12,0,0,48,0,여유
8,13,0,0,47,0,여유
8,13,0,0,47,0,여유
8,14,0,0,46,0,여유
8,16,0,0,44,0,여유
8,17,0,0,43,0,여유
8,18,0,0,42,0,여유
8,20,0,0,40,0,여유
8,20,0,0,40,0,여유
8,21,0,0,39,0,여유
8,22,0,0,38,0,여유
8,22,0,0,38,0,여유
8,23,0,0,37,0,여유
8,24,0,0,36,0,여유
8,25,0,0,35,0,여유
8,26,0,0,34,0,보통
8,27,0,0,33,0,여유
8,28,0,0,32,0,여유
8,29,0,0,31,0,여유
8,30,0,171,30,0,여유
8,31,0,171,29,0,보통
8,32,0,171,28,0,여유
8,33,0,171,27,0,여유
8,33,0,171,27,0,여유
8,35,0,171,25,0,여유
8,35,0,171,25,0,여유
8,36,0,171,24,0,보통
8,38,0,171,22,0,여유
8,39,0,171,21,0,여유
8,41,0,171,19,0,보통
8,43,0,171,17,0,여유
8,44,0,171,16,0,여유
8,44,0,171,16,0,여유
8,45,0,171,15,0,여유
8,45,0,171,15,0,여유
8,46,0,171,14,0,여유
8,49,0,171,11,0,여유
8,49,0,171,11,0,여유
8,52,0,171,8,0,보통
8,52,0,171,8,0,여유
8,54,0,171,6,0,여유
8,55,0,171,5,0,여유
8,55,0,171,5,0,여유
8,56,0,171,4,0,여유
8,56,0,171,4,0,여유
8,57,0,171,3,0,여유
8,58,0,171,2,0,여유
8,59,0,171,1,0,여유
9,0,0,171,0,171,여유
9,1,0,0,59,171,여유
9,2,0,0,58,171,여유
9,3,0,0,57,171,여유
9,6,0,0,54,171,여유
9,7,0,0,53,171,여유
9,7,0,0,53,171,여유
9,9,0,0,51,171,여유
9,12,0,0,48,171,여유
9,13,0,0,47,171,여유
9,14,0,0,46,171,여유
9,15,0,0,45,171,여유
9,16,0,0,44,171,여유
9,17,0,0,43,171,여유
9,18,0,0,42,171,여유
9,18,0,0,42,171,여유
9,19,0,0,41,171,여유
9,19,0,0,41,171,여유
9,20,0,0,40,171,여유
9,21,0,0,39,171,여유
9,21,0,0,39,171,여유
9,22,0,0,38,171,여유
9,23,0,0,37,171,여유
9,23,0,0,37,171,여유
9,24,0,0,36,171,여유
9,25,0,0,35,171,여유
9,26,0,0,34,171,여유
9,27,0,0,33,171,여유
9,28,0,0,32,171,여유
9,29,0,0,31,171,여유
9,29,0,0,31,171,여유
9,30,0,14,30,171,여유
9,30,0,14,30,171,여유
9,31,0,14,29,171,여유
9,31,0,14,29,171,여유
9,33,0,14,27,171,여유
9,34,0,14,26,171,여유
9,39,0,14,21,171,여유
9,39,0,14,21,171,여유
9,40,0,14,20,171,여유
9,40,0,14,20,171,여유
9,41,0,14,19,171,여유
9,41,0,14,19,171,여유
9,44,0,14,16,171,여유
9,44,0,14,16,171,여유
9,45,0,14,15,171,여유
9,50,0,14,10,171,여유
9,51,0,14,9,171,여유
9,52,0,14,8,171,여유
9,54,0,14,6,171,여유
9,54,0,14,6,171,여유
9,55,0,14,5,171,여유
9,55,0,14,5,171,여유
9,58,0,14,2,171,여유
9,59,0,14,1,171,여유
10,3,0,0,57,185,여유
10,5,0,0,55,185,여유
10,6,0,0,54,185,여유
10,7,0,0,53,185,여유
10,8,0,0,52,185,여유
10,9,0,0,51,185,여유
10,10,0,0,50,185,여유
10,12,0,0,48,185,여유
10,13,0,0,47,185,여유
10,13,0,0,47,185,여유
10,14,0,0,46,185,여유
10,14,0,0,46,185,여유
10,15,0,0,45,185,여유
10,16,0,0,44,185,여유
10,16,0,0,44,185,여유
10,17,0,0,43,185,여유
10,18,0,0,42,185,여유
10,18,0,0,42,185,여유
10,20,0,0,40,185,여유
10,20,0,0,40,185,여유
10,21,0,0,39,185,여유
10,21,0,0,39,185,여유
10,22,0,0,38,185,여유
10,22,0,0,38,185,여유
10,23,0,0,37,185,여유
10,25,0,0,35,185,여유
10,25,0,0,35,185,여유
10,26,0,0,34,185,여유
10,26,0,0,34,185,여유
10,27,0,0,33,185,여유
10,28,0,0,32,185,여유
10,31,0,7,29,185,여유
10,32,0,7,28,185,여유
10,32,0,7,28,185,여유
10,33,0,7,27,185,여유
10,34,0,7,26,185,여유
10,34,0,7,26,185,여유
10,37,0,7,23,185,여유
10,37,0,7,23,185,여유
10,38,0,7,22,185,여유
10,38,0,7,22,185,여유
10,39,0,7,21,185,여유
10,40,0,7,20,185,여유
10,40,0,7,20,185,여유
10,43,0,7,17,185,여유
10,44,0,7,16,185,여유
10,44,0,7,16,185,여유
10,45,0,7,15,185,여유
10,45,0,7,15,185,여유
10,46,0,7,14,185,여유
10,48,0,7,12,185,여유
10,49,0,7,11,185,여유
10,49,0,7,11,185,여유
10,50,0,7,10,185,여유
10,50,0,7,10,185,여유
10,51,0,7,9,155,여유
10,51,0,7,9,155,여유
10,53,0,7,7,155,여유
10,55,0,7,5,155,여유
10,56,0,7,4,155,여유
11,1,0,0,59,162,여유
11,2,0,0,58,162,여유
11,3,0,0,57,162,여유
11,4,0,0,56,162,여유
11,5,0,0,55,162,여유
11,6,0,0,54,162,여유
11,6,0,0,54,162,여유
11,7,0,0,53,162,여유
11,8,0,0,52,162,여유
11,9,0,0,51,162,여유
11,10,0,0,50,162,여유
11,10,0,0,50,162,여유
11,11,0,0,49,162,여유
11,12,0,0,48,162,여유
11,12,0,0,48,162,여유
11,13,0,0,47,162,여유
11,13,0,0,47,162,여유
11,14,0,0,46,162,여유
11,14,0,0,46,162,여유
11,15,0,0,45,162,여유
11,16,0,0,44,162,여유
11,17,0,0,43,162,여유
11,17,0,0,43,162,여유
11,18,0,0,42,162,여유
11,19,0,0,41,162,여유
11,20,0,0,40,162,여유
11,27,0,0,33,162,여유
11,27,0,0,33,162,여유
11,28,0,0,32,162,여유
11,33,0,257,27,162,여유
11,35,0,257,25,162,여유
11,36,0,257,24,162,여유
11,36,0,257,24,162,여유
11,37,0,257,23,162,여유
11,37,0,257,23,162,여유
11,38,0,257,22,162,여유
11,38,0,257,22,162,여유
11,39,0,257,21,162,여유
11,40,0,257,20,162,여유
11,41,0,257,19,162,여유
11,43,0,257,17,162,여유
11,44,0,257,16,162,여유
11,44,0,257,16,162,여유
11,45,0,257,15,162,여유
11,46,0,257,14,162,여유
11,47,0,257,13,162,여유
11,47,0,257,13,162,여유
11,48,0,257,12,162,여유
11,49,0,257,11,162,여유
11,49,0,257,11,162,여유
11,50,0,257,10,162,여유
11,50,0,257,10,162,여유
11,51,0,257,9,9,여유
11,52,0,257,8,9,여유
11,52,0,257,8,9,여유
11,53,0,257,7,9,여유
11,54,0,257,6,9,여유
11,55,0,257,5,9,여유
11,56,0,257,4,9,여유
11,57,0,257,3,9,여유
11,58,0,257,2,9,여유
11,58,0,257,2,9,여유
11,59,0,257,1,9,여유
11,59,0,257,1,9,여유
12,0,0,257,0,266,여유
12,0,0,257,0,266,여유
12,1,0,0,59,266,여유
12,2,0,0,58,266,여유
12,2,0,0,58,266,여유
12,3,0,0,57,266,여유
12,3,0,0,57,266,여유
12,4,0,0,56,266,여유
12,5,0,0,55,266,여유
12,6,0,0,54,266,여유
12,6,0,0,54,266,여유
12,7,0,0,53,266,여유
12,8,0,0,52,266,여유
12,9,0,0,51,266,보통
12,11,0,0,49,266,여유
12,12,0,0,48,266,여유
12,12,0,0,48,266,여유
12,13,0,0,47,266,여유
12,13,0,0,47,266,여유
12,15,0,0,45,266,여유
12,15,0,0,45,266,여유
12,16,0,0,44,266,여유
12,16,0,0,44,266,여유
12,17,0,0,43,266,여유
12,18,0,0,42,266,여유
12,18,0,0,42,266,여유
12,19,0,0,41,266,여유
12,19,0,0,41,266,여유
12,22,0,0,38,266,여유
12,22,0,0,38,266,여유
12,23,0,0,37,266,여유
12,23,0,0,37,266,여유
12,26,0,0,34,266,여유
12,26,0,0,34,266,여유
12,35,0,28,25,266,여유
12,36,0,28,24,266,여유
12,40,0,28,20,266,여유
12,43,0,28,17,266,보통
12,47,0,28,13,266,여유
12,48,0,28,12,266,여유
12,49,0,28,11,266,여유
12,50,0,28,10,266,여유
12,51,0,28,9,261,여유
12,52,0,28,8,261,여유
12,53,0,28,7,261,여유
12,53,0,28,7,261,여유
12,54,0,28,6,261,여유
12,54,0,28,6,261,여유
12,55,0,28,5,261,여유
12,55,0,28,5,261,여유
12,56,0,28,4,261,여유
12,56,0,28,4,261,여유
12,57,0,28,3,261,여유
12,57,0,28,3,261,여유
13,0,0,28,0,289,여유
13,1,0,0,59,289,여유
13,2,0,0,58,289,여유
13,2,0,0,58,289,여유
13,4,0,0,56,289,여유
13,4,0,0,56,289,여유
13,5,0,0,55,289,여유
13,6,0,0,54,289,여유
13,7,0,0,53,289,여유
13,7,0,0,53,289,여유
13,8,0,0,52,289,여유
13,8,0,0,52,289,여유
13,9,0,0,51,289,여유
13,9,0,0,51,289,여유
13,10,0,0,50,289,여유
13,11,0,0,49,289,여유
13,13,0,0,47,289,여유
13,14,0,0,46,289,여유
13,15,0,0,45,289,여유
13,15,0,0,45,289,여유
13,16,0,0,44,289,여유
13,16,0,0,44,289,여유
13,18,0,0,42,289,여유
13,18,0,0,42,289,여유
13,19,0,0,41,289,여유
13,19,0,0,41,289,여유
13,20,0,0,40,289,여유
13,21,0,0,39,289,여유
13,23,0,0,37,289,여유
13,24,0,0,36,289,여유
13,24,0,0,36,289,여유
13,25,0,0,35,289,여유
13,25,0,0,35,289,여유
13,26,0,0,34,289,여유
13,29,0,0,31,289,여유
13,30,0,12,30,289,여유
13,32,0,12,28,289,보통
13,34,0,12,26,289,보통
13,35,0,12,25,289,여유
13,35,0,12,25,289,여유
13,37,0,12,23,289,여유
13,37,0,12,23,289,여유
13,38,0,12,22,289,여유
13,40,0,12,20,289,여유
13,41,0,12,19,289,여유
13,45,0,12,15,289,여유
13,46,0,12,14,289,여유
13,46,0,12,14,289,여유
13,48,0,12,12,289,여유
13,49,0,12,11,289,여유
13,49,0,12,11,289,여유
13,50,0,12,10,289,여유
13,51,0,12,9,241,여유
13,51,0,12,9,241,여유
13,52,0,12,8,241,여유
13,53,0,12,7,241,여유
13,54,0,12,6,241,여유
13,54,0,12,6,241,여유
13,55,0,12,5,241,여유
13,55,0,12,5,241,여유
13,56,0,12,4,241,여유
13,56,0,12,4,241,여유
13,57,0,12,3,241,여유
13,57,0,12,3,241,여유
13,58,0,12,2,241,여유
13,58,0,12,2,241,여유
13,59,0,12,1,241,여유
14,0,0,12,0,253,여유
14,0,0,12,0,253,여유
14,1,0,0,59,253,여유
14,2,0,0,58,253,여유
14,2,0,0,58,253,여유
14,5,0,0,55,253,여유
14,5,0,0,55,253,여유
14,7,0,0,53,253,여유
14,7,0,0,53,253,여유
14,8,0,0,52,253,여유
14,8,0,0,52,253,여유
14,9,0,0,51,253,여유
14,9,0,0,51,253,여유
14,10,0,0,50,253,여유
14,10,0,0,50,253,여유
14,11,0,0,49,253,여유
14,12,0,0,48,253,여유
14,13,0,0,47,253,여유
14,13,0,0,47,253,여유
14,14,0,0,46,253,여유
14,15,0,0,45,253,여유
14,16,0,0,44,253,여유
14,16,0,0,44,253,여유
14,17,0,0,43,253,여유
14,17,0,0,43,253,여유
14,19,0,0,41,253,여유
14,21,0,0,39,253,여유
14,22,0,0,38,253,여유
14,24,0,0,36,253,여유
14,24,0,0,36,253,여유
14,25,0,0,35,253,여유
14,25,0,0,35,253,여유
14,26,0,0,34,253,여유
14,26,0,0,34,253,여유
14,27,0,0,33,253,여유
14,28,0,0,32,253,여유
14,28,0,0,32,253,여유
14,29,0,0,31,253,보통
14,30,0,228,30,253,여유
14,34,0,228,26,253,여유
14,35,0,228,25,253,여유
14,35,0,228,25,253,여유
14,36,0,228,24,253,여유
14,37,0,228,23,253,여유
14,38,0,228,22,253,여유
14,38,0,228,22,253,여유
14,39,0,228,21,253,여유
14,40,0,228,20,253,여유
14,41,0,228,19,253,여유
14,42,0,228,18,253,여유
14,45,0,228,15,253,여유
14,46,0,228,14,253,보통
14,47,0,228,13,253,여유
14,48,0,228,12,253,여유
14,48,0,228,12,253,여유
14,49,0,228,11,253,여유
14,49,0,228,11,253,여유
14,50,0,228,10,253,여유
14,50,0,228,10,253,여유
14,51,0,228,9,15,여유
14,52,0,228,8,15,여유
14,52,0,228,8,15,여유
14,53,0,228,7,15,여유
14,53,0,228,7,15,여유
14,54,0,228,6,15,여유
14,54,0,228,6,15,여유
14,55,0,228,5,15,여유
14,56,0,228,4,15,여유
14,56,0,228,4,15,여유
14,57,0,228,3,15,여유
14,57,0,228,3,15,여유
15,5,0,0,55,243,여유
15,7,0,0,53,243,보통
15,9,0,0,51,243,보통
15,10,0,0,50,243,여유
15,10,0,0,50,243,여유
15,11,0,0,49,243,여유
15,12,0,0,48,243,여유
15,13,0,0,47,243,여유
15,14,0,0,46,243,여유
15,15,0,0,45,243,여유
15,16,0,0,44,243,여유
15,16,0,0,44,243,여유
15,18,0,0,42,243,여유
15,19,0,0,41,243,여유
15,20,0,0,40,243,여유
15,21,0,0,39,243,여유
15,22,0,0,38,243,여유
15,23,0,0,37,243,여유
15,24,0,0,36,243,여유
15,25,0,0,35,243,여유
15,25,0,0,35,243,여유
15,26,0,0,34,243,여유
15,26,0,0,34,243,여유
15,27,0,0,33,243,여유
15,28,0,0,32,243,여유
15,28,0,0,32,243,여유
15,29,0,0,31,243,여유
15,30,0,24,30,243,여유
15,31,0,24,29,243,여유
15,32,0,24,28,243,여유
15,32,0,24,28,243,여유
15,33,0,24,27,243,여유
15,33,0,24,27,243,여유
15,34,0,24,26,243,보통
15,40,0,24,20,243,보통
15,41,0,24,19,243,보통
15,42,0,24,18,243,보통
15,42,0,24,18,243,보통
15,43,0,24,17,243,보통
15,47,0,24,13,243,보통
15,49,0,24,11,243,여유
15,50,0,24,10,243,여유
15,51,0,24,9,230,여유
15,53,0,24,7,230,보통
15,54,0,24,6,230,보통
15,54,0,24,6,230,보통
15,55,0,24,5,230,보통
15,56,0,24,4,230,보통
15,57,0,24,3,230,보통
15,59,0,24,1,230,보통
16,2,0,0,118,254,보통
16,2,0,0,118,254,보통
16,4,0,0,116,254,여유
16,4,0,0,116,254,여유
16,5,0,0,115,254,여유
16,9,0,0,111,254,보통
16,11,0,0,109,254,보통
16,13,0,0,107,254,보통
16,13,0,0,107,254,보통
16,14,0,0,106,254,보통
16,15,0,0,105,254,보통
16,21,0,0,99,254,여유
16,22,0,0,98,254,여유
16,24,0,0,96,254,여유
16,26,0,0,94,254,보통
16,36,0,0,84,254,여유
16,38,0,0,82,254,여유
16,39,0,0,81,254,여유
16,49,0,0,71,254,여유
16,50,0,0,70,254,여유
16,51,0,0,69,234,여유
16,51,0,0,69,234,여유
16,52,0,0,68,234,여유
16,53,0,0,67,234,여유
16,53,0,0,67,234,여유
16,54,0,0,66,234,여유
16,54,0,0,66,234,여유
16,59,0,0,61,234,여유
17,0,0,0,60,234,여유
17,0,0,0,60,234,여유
17,2,0,0,58,234,여유
17,3,0,0,57,234,보통
17,5,0,0,55,234,여유
17,5,0,0,55,234,여유
17,6,0,0,54,234,보통
17,6,0,0,54,234,여유
17,11,0,0,49,234,여유
17,12,0,0,48,234,여유
17,14,0,0,46,234,여유
17,15,0,0,45,234,여유
17,16,0,0,44,234,여유
17,16,0,0,44,234,여유
17,18,0,0,42,234,여유
17,19,0,0,41,234,여유
17,22,0,0,38,234,여유
17,23,0,0,37,234,여유
17,23,0,0,37,234,여유
17,26,0,0,34,234,여유
17,26,0,0,34,234,여유
17,27,0,0,33,234,여유
17,28,0,0,32,234,여유
17,29,0,0,31,234,여유
17,29,0,0,31,234,여유
17,33,0,37,27,234,여유
17,35,0,37,25,234,여유
17,36,0,37,24,234,여유
17,37,0,37,23,234,여유
17,37,0,37,23,234,여유
17,38,0,37,22,234,여유
17,38,0,37,22,234,여유
17,39,0,37,21,234,여유
17,39,0,37,21,234,여유
17,44,0,37,16,234,여유
17,45,0,37,15,234,여유
17,47,0,37,13,234,보통
17,55,0,37,5,4,여유
17,56,0,37,4,4,여유
17,56,0,37,4,4,여유
18,8,0,0,999,41,여유
18,8,0,0,999,41,여유
18,9,0,0,999,41,여유
18,10,0,0,999,41,여유
18,12,0,0,999,41,여유
18,14,0,0,999,41,여유
18,15,0,0,999,41,여유
18,15,0,0,999,41,여유
18,16,0,0,999,41,여유
18,17,0,0,999,41,여유
18,18,0,0,999,41,여유
18,19,0,0,999,41,여유
18,21,0,0,999,41,여유
18,22,0,0,999,41,여유
18,23,0,0,999,41,여유
18,24,0,0,999,41,여유
18,25,0,0,999,41,여유
18,26,0,0,999,41,여유
18,28,0,0,999,41,여유
18,29,0,0,999,41,여유
18,30,0,0,999,41,여유
18,31,0,0,999,41,여유
18,33,0,0,999,41,여유
18,35,0,0,999,41,여유
18,36,0,0,999,41,보통
18,37,0,0,999,41,보통
18,41,0,0,999,41,여유
18,42,0,0,999,41,여유
18,44,0,0,999,41,여유
18,53,0,0,999,37,여유
18,54,0,0,999,37,여유
18,54,0,0,999,37,여유
18,56,0,0,999,37,여유
18,58,0,0,999,37,여유
18,59,0,0,999,37,여유
19,0,0,0,999,37,여유
19,1,0,0,999,37,여유
19,3,0,0,999,37,여유
19,5,0,0,999,37,여유
19,6,0,0,999,37,여유
19,8,0,0,999,37,여유
19,13,0,0,999,37,여유
19,14,0,0,999,37,여유
19,15,0,0,999,37,여유
19,15,0,0,999,37,여유
19,16,0,0,999,37,여유
19,17,0,0,999,37,여유
19,19,0,0,999,37,여유
19,30,0,0,999,37,여유
19,31,0,0,999,37,여유
19,33,0,0,999,37,여유
19,35,0,0,999,37,여유
19,37,0,0,999,37,여유
19,38,0,0,999,37,여유
19,39,0,0,999,37,여유
19,41,0,0,999,37,여유
19,42,0,0,999,37,여유
19,44,0,0,999,37,여유
19,46,0,0,999,37,여유
19,46,0,0,999,37,여유
19,47,0,0,999,37,여유
19,48,0,0,999,37,여유
19,48,0,0,999,37,여유
19,55,0,0,999,29,여유
19,56,0,0,999,29,여유
19,57,0,0,999,29,보통
20,3,0,0,999,29,여유
20,4,0,0,999,29,여유
20,4,0,0,999,29,여유
20,7,0,0,999,29,보통
20,7,0,0,999,29,보통
20,11,0,0,999,29,여유
20,12,0,0,999,29,여유
20,13,0,0,999,29,여유
20,14,0,0,999,29,여유
20,15,0,0,999,29,여유
20,16,0,0,999,29,여유
20,16,0,0,999,29,여유
20,20,0,0,999,29,여유
20,20,0,0,999,29,여유
20,23,0,0,999,29,여유
20,25,0,0,999,29,여유
20,25,0,0,999,29,여유
20,26,0,0,999,29,여유
20,30,0,0,999,29,여유
20,31,0,0,999,29,여유
20,32,0,0,999,29,여유
20,33,0,0,999,29,여유
20,33,0,0,999,29,여유
20,34,0,0,999,29,여유
20,35,0,0,999,29,여유
20,36,0,0,999,29,여유
20,36,0,0,999,29,여유
20,41,0,0,999,29,여유
20,41,0,0,999,29,여유
20,42,0,0,999,29,여유
20,43,0,0,999,29,여유
20,44,0,0,999,29,여유
20,47,0,0,999,29,여유
20,48,0,0,999,29,여유
20,49,0,0,999,29,여유
20,51,0,0,999,0,여유
20,52,0,0,999,0,여유
8,2,1,0,58,0,여유
8,5,1,0,55,0,여유
8,13,1,0,47,0,여유
8,13,1,0,47,0,여유
8,14,1,0,46,0,여유
8,14,1,0,46,0,여유
8,17,1,0,43,0,여유
8,18,1,0,42,0,여유
8,19,1,0,41,0,여유
8,19,1,0,41,0,여유
8,20,1,0,40,0,여유
8,21,1,0,39,0,여유
8,22,1,0,38,0,여유
8,24,1,0,36,0,여유
8,25,1,0,35,0,여유
8,28,1,0,32,0,여유
8,29,1,0,31,0,여유
8,30,1,112,30,0,여유
8,32,1,112,28,0,여유
8,36,1,112,24,0,여유
8,37,1,112,23,0,여유
8,38,1,112,22,0,여유
8,41,1,112,19,0,여유
8,42,1,112,18,0,여유
8,46,1,112,14,0,여유
8,47,1,112,13,0,여유
8,47,1,112,13,0,여유
8,48,1,112,12,0,여유
8,49,1,112,11,0,여유
8,56,1,112,4,0,여유
8,57,1,112,3,0,여유
8,58,1,112,2,0,여유
8,59,1,112,1,0,여유
9,0,1,112,0,112,여유
9,0,1,112,0,112,여유
9,1,1,0,59,112,여유
9,1,1,0,59,112,여유
9,2,1,0,58,112,여유
9,3,1,0,57,112,여유
9,6,1,0,54,112,여유
9,9,1,0,51,112,여유
9,10,1,0,50,112,여유
9,12,1,0,48,112,여유
9,12,1,0,48,112,여유
9,15,1,0,45,112,여유
9,15,1,0,45,112,여유
9,16,1,0,44,112,여유
9,18,1,0,42,112,여유
9,19,1,0,41,112,여유
9,20,1,0,40,112,여유
9,21,1,0,39,112,여유
9,22,1,0,38,112,여유
9,24,1,0,36,112,여유
9,31,1,31,29,112,여유
9,34,1,31,26,112,여유
9,37,1,31,23,112,여유
9,38,1,31,22,112,여유
9,38,1,31,22,112,여유
9,40,1,31,20,112,여유
9,41,1,31,19,112,여유
9,41,1,31,19,112,여유
9,42,1,31,18,112,여유
9,43,1,31,17,112,여유
9,43,1,31,17,112,여유
9,48,1,31,12,112,여유
9,48,1,31,12,112,여유
9,49,1,31,11,112,여유
9,49,1,31,11,112,여유
9,50,1,31,10,112,여유
9,50,1,31,10,112,여유
9,51,1,31,9,112,여유
9,51,1,31,9,112,여유
9,52,1,31,8,112,여유
9,54,1,31,6,112,여유
9,55,1,31,5,112,여유
9,58,1,31,2,112,여유
9,58,1,31,2,112,여유
9,59,1,31,1,112,여유
10,0,1,31,0,143,여유
10,6,1,0,54,143,여유
10,8,1,0,52,143,여유
10,8,1,0,52,143,여유
10,9,1,0,51,143,여유
10,11,1,0,49,143,여유
10,12,1,0,48,143,여유
10,13,1,0,47,143,여유
10,13,1,0,47,143,여유
10,14,1,0,46,143,여유
10,15,1,0,45,143,여유
10,16,1,0,44,143,여유
10,16,1,0,44,143,여유
10,18,1,0,42,143,여유
10,19,1,0,41,143,여유
10,19,1,0,41,143,여유
10,20,1,0,40,143,여유
10,20,1,0,40,143,여유
10,21,1,0,39,143,여유
10,22,1,0,38,143,여유
10,22,1,0,38,143,여유
10,24,1,0,36,143,여유
10,26,1,0,34,143,여유
10,27,1,0,33,143,여유
10,28,1,0,32,143,여유
10,28,1,0,32,143,여유
10,29,1,0,31,143,여유
10,31,1,4,29,143,여유
10,32,1,4,28,143,여유
10,33,1,4,27,143,여유
10,34,1,4,26,143,여유
10,36,1,4,24,143,여유
10,37,1,4,23,143,여유
10,37,1,4,23,143,여유
10,38,1,4,22,143,여유
10,39,1,4,21,143,여유
10,39,1,4,21,143,여유
10,42,1,4,18,143,여유
10,42,1,4,18,143,여유
10,43,1,4,17,143,여유
10,46,1,4,14,143,여유
10,47,1,4,13,143,여유
10,48,1,4,12,143,여유
10,49,1,4,11,143,여유
10,50,1,4,10,143,여유
10,54,1,4,6,142,여유
10,54,1,4,6,142,여유
10,55,1,4,5,142,여유
10,56,1,4,4,142,여유
10,57,1,4,3,142,보통
10,58,1,4,2,142,여유
10,59,1,4,1,142,여유
10,59,1,4,1,142,여유
11,0,1,4,0,146,여유
11,0,1,4,0,146,여유
11,1,1,0,59,146,여유
11,1,1,0,59,146,여유
11,2,1,0,58,146,여유
11,3,1,0,57,146,여유
11,3,1,0,57,146,여유
11,4,1,0,56,146,여유
11,6,1,0,54,146,여유
11,7,1,0,53,146,여유
11,8,1,0,52,146,여유
11,8,1,0,52,146,여유
11,10,1,0,50,146,여유
11,11,1,0,49,146,여유
11,11,1,0,49,146,여유
11,12,1,0,48,146,여유
11,13,1,0,47,146,여유
11,13,1,0,47,146,여유
11,14,1,0,46,146,여유
11,14,1,0,46,146,여유
11,15,1,0,45,146,여유
11,16,1,0,44,146,여유
11,17,1,0,43,146,여유
11,24,1,0,36,146,여유
11,25,1,0,35,146,여유
11,27,1,0,33,146,여유
11,28,1,0,32,146,여유
11,30,1,311,30,146,여유
11,31,1,311,29,146,여유
11,32,1,311,28,146,여유
11,33,1,311,27,146,여유
11,34,1,311,26,146,여유
11,34,1,311,26,146,보통
11,36,1,311,24,146,여유
11,37,1,311,23,146,여유
11,37,1,311,23,146,여유
11,39,1,311,21,146,여유
11,39,1,311,21,146,여유
11,40,1,311,20,146,여유
11,43,1,311,17,146,여유
11,44,1,311,16,146,여유
11,44,1,311,16,146,여유
11,45,1,311,15,146,여유
11,45,1,311,15,146,여유
11,46,1,311,14,146,여유
11,47,1,311,13,146,여유
11,47,1,311,13,146,여유
11,48,1,311,12,146,여유
11,49,1,311,11,146,여유
11,50,1,311,10,146,여유
11,51,1,311,9,10,여유
11,51,1,311,9,10,여유
11,52,1,311,8,10,여유
11,52,1,311,8,10,여유
11,53,1,311,7,10,여유
11,53,1,311,7,10,여유
11,55,1,311,5,10,여유
11,55,1,311,5,10,여유
11,56,1,311,4,10,여유
11,57,1,311,3,10,여유
11,57,1,311,3,10,여유
11,58,1,311,2,10,여유
11,59,1,311,1,10,여유
11,59,1,311,1,10,여유
12,0,1,311,0,321,여유
12,1,1,0,59,321,여유
12,2,1,0,58,321,여유
12,3,1,0,57,321,보통
12,4,1,0,56,321,여유
12,5,1,0,55,321,여유
12,6,1,0,54,321,여유
12,7,1,0,53,321,여유
12,7,1,0,53,321,여유
12,8,1,0,52,321,여유
12,10,1,0,50,321,여유
12,12,1,0,48,321,여유
12,12,1,0,48,321,여유
12,14,1,0,46,321,여유
12,14,1,0,46,321,여유
12,15,1,0,45,321,여유
12,15,1,0,45,321,여유
12,16,1,0,44,321,여유
12,17,1,0,43,321,여유
12,19,1,0,41,321,여유
12,20,1,0,40,321,여유
12,21,1,0,39,321,여유
12,21,1,0,39,321,여유
12,22,1,0,38,321,보통
12,22,1,0,38,321,보통
12,23,1,0,37,321,여유
12,23,1,0,37,321,여유
12,24,1,0,36,321,여유
12,26,1,0,34,321,여유
12,26,1,0,34,321,여유
12,27,1,0,33,321,여유
12,27,1,0,33,321,여유
12,28,1,0,32,321,여유
12,29,1,0,31,321,여유
12,33,1,41,27,321,여유
12,33,1,41,27,321,여유
12,34,1,41,26,321,여유
12,35,1,41,25,321,여유
12,36,1,41,24,321,여유
12,37,1,41,23,321,여유
12,38,1,41,22,321,여유
12,38,1,41,22,321,여유
12,40,1,41,20,321,여유
12,41,1,41,19,321,여유
12,41,1,41,19,321,여유
12,42,1,41,18,321,여유
12,44,1,41,16,321,여유
12,47,1,41,13,321,여유
12,48,1,41,12,321,여유
12,49,1,41,11,321,여유
12,50,1,41,10,321,여유
12,50,1,41,10,321,여유
12,51,1,41,9,313,여유
12,52,1,41,8,313,여유
12,53,1,41,7,313,여유
12,54,1,41,6,313,여유
12,55,1,41,5,313,여유
12,56,1,41,4,313,여유
12,57,1,41,3,313,여유
12,59,1,41,1,313,여유
13,0,1,41,0,354,여유
13,0,1,41,0,354,여유
13,1,1,0,59,354,여유
13,2,1,0,58,354,여유
13,2,1,0,58,354,여유
13,3,1,0,57,354,여유
13,3,1,0,57,354,여유
13,4,1,0,56,354,여유
13,4,1,0,56,354,여유
13,7,1,0,53,354,여유
13,7,1,0,53,354,여유
13,8,1,0,52,354,여유
13,10,1,0,50,354,여유
13,12,1,0,48,354,여유
13,12,1,0,48,354,여유
13,14,1,0,46,354,여유
13,15,1,0,45,354,여유
13,16,1,0,44,354,여유
13,16,1,0,44,354,여유
13,17,1,0,43,354,여유
13,17,1,0,43,354,여유
13,18,1,0,42,354,여유
13,19,1,0,41,354,여유
13,19,1,0,41,354,여유
13,20,1,0,40,354,여유
13,22,1,0,38,354,여유
13,22,1,0,38,354,여유
13,23,1,0,37,354,여유
13,24,1,0,36,354,여유
13,25,1,0,35,354,여유
13,26,1,0,34,354,여유
13,27,1,0,33,354,여유
13,28,1,0,32,354,여유
13,29,1,0,31,354,여유
13,29,1,0,31,354,여유
13,30,1,7,30,354,여유
13,33,1,7,27,354,여유
13,36,1,7,24,354,여유
13,37,1,7,23,354,여유
13,38,1,7,22,354,여유
13,39,1,7,21,354,여유
13,39,1,7,21,354,여유
13,42,1,7,18,354,여유
13,42,1,7,18,354,여유
13,43,1,7,17,354,여유
13,44,1,7,16,354,여유
13,45,1,7,15,354,여유
13,45,1,7,15,354,여유
13,46,1,7,14,354,여유
13,46,1,7,14,354,여유
13,47,1,7,13,354,여유
13,48,1,7,12,354,여유
13,49,1,7,11,354,여유
13,49,1,7,11,354,여유
13,52,1,7,8,330,보통
13,55,1,7,5,330,여유
13,55,1,7,5,330,여유
13,58,1,7,2,330,여유
13,59,1,7,1,330,여유
13,59,1,7,1,330,여유
14,1,1,0,59,337,여유
14,5,1,0,55,337,여유
14,6,1,0,54,337,여유
14,6,1,0,54,337,여유
14,7,1,0,53,337,여유
14,8,1,0,52,337,여유
14,8,1,0,52,337,여유
14,9,1,0,51,337,여유
14,9,1,0,51,337,여유
14,11,1,0,49,337,여유
14,12,1,0,48,337,여유
14,12,1,0,48,337,여유
14,14,1,0,46,337,여유
14,17,1,0,43,337,여유
14,18,1,0,42,337,여유
14,18,1,0,42,337,여유
14,19,1,0,41,337,여유
14,20,1,0,40,337,여유
14,21,1,0,39,337,여유
14,21,1,0,39,337,여유
14,22,1,0,38,337,여유
14,22,1,0,38,337,여유
14,23,1,0,37,337,여유
14,23,1,0,37,337,보통
14,24,1,0,36,337,여유
14,25,1,0,35,337,여유
14,25,1,0,35,337,여유
14,26,1,0,34,337,여유
14,29,1,0,31,337,여유
14,30,1,259,30,337,여유
14,31,1,259,29,337,여유
14,31,1,259,29,337,여유
14,32,1,259,28,337,여유
14,32,1,259,28,337,여유
14,33,1,259,27,337,여유
14,34,1,259,26,337,여유
14,35,1,259,25,337,여유
14,35,1,259,25,337,여유
14,37,1,259,23,337,여유
14,38,1,259,22,337,여유
14,38,1,259,22,337,여유
14,40,1,259,20,337,여유
14,42,1,259,18,337,여유
14,45,1,259,15,337,여유
14,46,1,259,14,337,여유
14,50,1,259,10,337,여유
14,51,1,259,9,20,여유
14,51,1,259,9,20,여유
14,52,1,259,8,20,여유
14,52,1,259,8,20,여유
14,56,1,259,4,20,여유
15,1,1,0,59,279,여유
15,2,1,0,58,279,여유
15,3,1,0,57,279,여유
15,3,1,0,57,279,여유
15,4,1,0,56,279,여유
15,4,1,0,56,279,여유
15,5,1,0,55,279,여유
15,6,1,0,54,279,여유
15,7,1,0,53,279,여유
15,7,1,0,53,279,여유
15,10,1,0,50,279,여유
15,10,1,0,50,279,여유
15,11,1,0,49,279,여유
15,12,1,0,48,279,여유
15,12,1,0,48,279,여유
15,13,1,0,47,279,여유
15,15,1,0,45,279,여유
15,16,1,0,44,279,여유
15,17,1,0,43,279,여유
15,18,1,0,42,279,여유
15,20,1,0,40,279,여유
15,20,1,0,40,279,여유
15,21,1,0,39,279,여유
15,21,1,0,39,279,보통
15,22,1,0,38,279,여유
15,23,1,0,37,279,여유
15,25,1,0,35,279,여유
15,26,1,0,34,279,여유
15,28,1,0,32,279,여유
15,30,1,30,30,279,여유
15,32,1,30,28,279,여유
15,33,1,30,27,279,여유
15,34,1,30,26,279,여유
15,34,1,30,26,279,여유
15,35,1,30,25,279,여유
15,35,1,30,25,279,여유
15,36,1,30,24,279,여유
15,37,1,30,23,279,여유
15,37,1,30,23,279,여유
15,38,1,30,22,279,여유
15,39,1,30,21,279,여유
15,40,1,30,20,279,여유
15,40,1,30,20,279,여유
15,41,1,30,19,279,여유
15,42,1,30,18,279,여유
15,43,1,30,17,279,여유
15,45,1,30,15,279,여유
15,45,1,30,15,279,여유
15,46,1,30,14,279,여유
15,48,1,30,12,279,여유
15,49,1,30,11,279,여유
15,49,1,30,11,279,여유
15,50,1,30,10,279,여유
15,50,1,30,10,279,여유
15,51,1,30,9,261,여유
15,52,1,30,8,261,여유
15,52,1,30,8,261,여유
15,56,1,30,4,261,여유
15,57,1,30,3,261,여유
15,57,1,30,3,261,여유
15,58,1,30,2,261,여유
15,58,1,30,2,261,여유
15,59,1,30,1,261,보통
16,0,1,30,0,291,여유
16,3,1,0,57,291,여유
16,4,1,0,56,291,보통
16,5,1,0,55,291,여유
16,6,1,0,54,291,여유
16,6,1,0,54,291,여유
16,8,1,0,52,291,여유
16,10,1,0,50,291,여유
16,11,1,0,49,291,여유
16,12,1,0,48,291,여유
16,13,1,0,47,291,여유
16,14,1,0,46,291,여유
16,15,1,0,45,291,여유
16,16,1,0,44,291,여유
16,16,1,0,44,291,여유
16,23,1,0,37,291,여유
16,24,1,0,36,291,여유
16,25,1,0,35,291,여유
16,30,1,2,30,291,여유
16,31,1,2,29,291,여유
16,31,1,2,29,291,여유
16,32,1,2,28,291,여유
16,39,1,2,21,291,여유
16,40,1,2,20,291,여유
16,42,1,2,18,291,여유
16,43,1,2,17,291,여유
16,44,1,2,16,291,여유
16,45,1,2,15,291,여유
16,47,1,2,13,291,여유
16,50,1,2,10,291,여유
16,51,1,2,9,265,여유
16,58,1,2,2,265,여유
16,58,1,2,2,265,여유
17,0,1,2,0,267,여유
17,1,1,0,59,267,여유
17,5,1,0,55,267,여유
17,6,1,0,54,267,여유
17,7,1,0,53,267,여유
17,8,1,0,52,267,여유
17,9,1,0,51,267,여유
17,10,1,0,50,267,여유
17,12,1,0,48,267,여유
17,13,1,0,47,267,여유
17,16,1,0,44,267,여유
17,17,1,0,43,267,여유
17,17,1,0,43,267,여유
17,20,1,0,40,267,여유
17,22,1,0,38,267,여유
17,25,1,0,35,267,여유
17,30,1,45,30,267,여유
17,35,1,45,25,267,여유
17,37,1,45,23,267,여유
17,38,1,45,22,267,여유
17,39,1,45,21,267,여유
17,40,1,45,20,267,여유
17,42,1,45,18,267,여유
17,42,1,45,18,267,여유
17,44,1,45,16,267,여유
17,45,1,45,15,267,여유
17,46,1,45,14,267,여유
17,46,1,45,14,267,여유
17,48,1,45,12,267,여유
17,49,1,45,11,267,여유
17,51,1,45,9,9,여유
17,51,1,45,9,9,여유
17,52,1,45,8,9,여유
17,52,1,45,8,9,여유
17,53,1,45,7,9,여유
17,54,1,45,6,9,여유
17,55,1,45,5,9,보통
17,57,1,45,3,9,보통
17,58,1,45,2,9,여유
17,59,1,45,1,9,여유
18,0,1,45,0,54,여유
18,0,1,45,0,54,여유
18,1,1,0,999,54,여유
18,2,1,0,999,54,여유
18,2,1,0,999,54,여유
18,3,1,0,999,54,여유
18,3,1,0,999,54,여유
18,4,1,0,999,54,여유
18,5,1,0,999,54,여유
18,6,1,0,999,54,여유
18,9,1,0,999,54,여유
18,14,1,0,999,54,여유
18,15,1,0,999,54,여유
18,17,1,0,999,54,여유
18,18,1,0,999,54,보통
18,19,1,0,999,54,보통
18,19,1,0,999,54,여유
18,20,1,0,999,54,여유
18,23,1,0,999,54,보통
18,25,1,0,999,54,여유
18,25,1,0,999,54,여유
18,31,1,0,999,54,여유
18,32,1,0,999,54,여유
18,32,1,0,999,54,여유
18,34,1,0,999,54,여유
18,34,1,0,999,54,여유
18,35,1,0,999,54,여유
18,36,1,0,999,54,여유
18,37,1,0,999,54,여유
18,39,1,0,999,54,여유
18,39,1,0,999,54,여유
18,40,1,0,999,54,여유
18,42,1,0,999,54,여유
18,43,1,0,999,54,여유
18,43,1,0,999,54,여유
18,44,1,0,999,54,여유
18,45,1,0,999,54,여유
18,46,1,0,999,54,여유
18,46,1,0,999,54,여유
18,47,1,0,999,54,여유
18,48,1,0,999,54,여유
18,48,1,0,999,54,여유
18,49,1,0,999,54,여유
18,50,1,0,999,54,여유
18,51,1,0,999,47,여유
18,53,1,0,999,47,여유
18,54,1,0,999,47,여유
18,58,1,0,999,47,여유
19,0,1,0,999,47,여유
19,0,1,0,999,47,여유
19,1,1,0,999,47,여유
19,2,1,0,999,47,여유
19,2,1,0,999,47,여유
19,3,1,0,999,47,여유
19,4,1,0,999,47,여유
19,5,1,0,999,47,여유
19,6,1,0,999,47,여유
19,8,1,0,999,47,여유
19,10,1,0,999,47,여유
19,12,1,0,999,47,여유
19,13,1,0,999,47,여유
19,18,1,0,999,47,여유
19,19,1,0,999,47,여유
19,20,1,0,999,47,여유
19,21,1,0,999,47,여유
19,22,1,0,999,47,여유
19,22,1,0,999,47,여유
19,23,1,0,999,47,여유
19,23,1,0,999,47,여유
19,28,1,0,999,47,여유
19,29,1,0,999,47,여유
19,33,1,0,999,47,여유
19,34,1,0,999,47,여유
19,35,1,0,999,47,여유
19,37,1,0,999,47,여유
19,37,1,0,999,47,여유
19,38,1,0,999,47,여유
19,41,1,0,999,47,여유
19,51,1,0,999,37,여유
19,53,1,0,999,37,여유
19,54,1,0,999,37,여유
20,4,1,0,999,37,여유
20,5,1,0,999,37,여유
20,6,1,0,999,37,여유
20,7,1,0,999,37,여유
20,7,1,0,999,37,여유
20,13,1,0,999,37,여유
20,14,1,0,999,37,여유
20,15,1,0,999,37,여유
20,19,1,0,999,37,여유
20,24,1,0,999,37,여유
20,24,1,0,999,37,여유
20,25,1,0,999,37,여유
20,30,1,0,999,37,보통
20,32,1,0,999,37,여유
20,32,1,0,999,37,보통
20,33,1,0,999,37,여유
20,42,1,0,999,37,여유
20,42,1,0,999,37,여유
20,43,1,0,999,37,여유
20,45,1,0,999,37,여유
20,47,1,0,999,37,여유
20,48,1,0,999,37,여유
20,48,1,0,999,37,여유
20,49,1,0,999,37,여유
20,50,1,0,999,37,여유
20,51,1,0,999,0,여유
20,52,1,0,999,0,여유
20,56,1,0,999,0,여유
8,2,2,0,58,0,여유
8,2,2,0,58,0,여유
8,12,2,0,48,0,여유
8,19,2,0,41,0,여유
8,21,2,0,39,0,여유
8,23,2,0,37,0,여유
8,25,2,0,35,0,여유
8,27,2,0,33,0,여유
8,28,2,0,32,0,여유
8,30,2,209,30,0,여유
8,30,2,209,30,0,여유
8,31,2,209,29,0,여유
8,32,2,209,28,0,여유
8,45,2,209,15,0,여유
8,49,2,209,11,0,여유
8,51,2,209,9,0,여유
8,53,2,209,7,0,여유
8,55,2,209,5,0,여유
9,0,2,209,0,209,여유
9,0,2,209,0,209,여유
9,1,2,0,59,209,여유
9,1,2,0,59,209,여유
9,2,2,0,58,209,여유
9,2,2,0,58,209,여유
9,3,2,0,57,209,여유
9,4,2,0,56,209,여유
9,5,2,0,55,209,여유
9,8,2,0,52,209,여유
9,9,2,0,51,209,여유
9,12,2,0,48,209,여유
9,13,2,0,47,209,보통
9,15,2,0,45,209,여유
9,15,2,0,45,209,여유
9,22,2,0,38,209,보통
9,24,2,0,36,209,여유
9,26,2,0,34,209,여유
9,27,2,0,33,209,여유
9,32,2,21,28,209,여유
9,32,2,21,28,209,여유
9,40,2,21,20,209,여유
9,46,2,21,14,209,여유
9,47,2,21,13,209,보통
9,54,2,21,6,209,여유
10,2,2,0,58,230,여유
10,5,2,0,55,230,여유
10,7,2,0,53,230,여유
10,9,2,0,51,230,보통
10,13,2,0,47,230,여유
10,13,2,0,47,230,여유
10,14,2,0,46,230,여유
10,17,2,0,43,230,여유
10,18,2,0,42,230,보통
10,24,2,0,36,230,여유
10,25,2,0,35,230,여유
10,31,2,2,29,230,여유
10,35,2,2,25,230,여유
10,36,2,2,24,230,여유
10,37,2,2,23,230,여유
10,38,2,2,22,230,여유
10,39,2,2,21,230,여유
10,39,2,2,21,230,보통
10,40,2,2,20,230,여유
10,41,2,2,19,230,여유
10,41,2,2,19,230,여유
10,42,2,2,18,230,여유
10,43,2,2,17,230,여유
10,43,2,2,17,230,여유
10,44,2,2,16,230,여유
10,45,2,2,15,230,여유
10,46,2,2,14,230,여유
10,46,2,2,14,230,여유
10,47,2,2,13,230,여유
10,47,2,2,13,230,여유
10,49,2,2,11,230,여유
10,50,2,2,10,230,여유
10,50,2,2,10,230,여유
10,51,2,2,9,208,여유
10,51,2,2,9,208,여유
10,52,2,2,8,208,여유
10,53,2,2,7,208,여유
10,54,2,2,6,208,여유
10,55,2,2,5,208,여유
10,55,2,2,5,208,여유
10,56,2,2,4,208,보통
10,57,2,2,3,208,여유
10,59,2,2,1,208,여유
11,0,2,2,0,210,여유
11,0,2,2,0,210,여유
11,2,2,0,58,210,여유
11,2,2,0,58,210,여유
11,3,2,0,57,210,여유
11,3,2,0,57,210,여유
11,4,2,0,56,210,여유
11,7,2,0,53,210,여유
11,7,2,0,53,210,여유
11,8,2,0,52,210,보통
11,10,2,0,50,210,여유
11,11,2,0,49,210,여유
11,12,2,0,48,210,여유
11,16,2,0,44,210,여유
11,16,2,0,44,210,여유
11,17,2,0,43,210,여유
11,17,2,0,43,210,여유
11,19,2,0,41,210,여유
11,20,2,0,40,210,여유
11,21,2,0,39,210,보통
11,22,2,0,38,210,여유
11,23,2,0,37,210,보통
11,24,2,0,36,210,여유
11,26,2,0,34,210,여유
11,27,2,0,33,210,여유
11,27,2,0,33,210,여유
11,30,2,294,30,210,여유
11,32,2,294,28,210,보통
11,41,2,294,19,210,여유
11,42,2,294,18,210,여유
11,43,2,294,17,210,여유
11,44,2,294,16,210,여유
11,48,2,294,12,210,여유
11,50,2,294,10,210,보통
11,50,2,294,10,210,보통
11,51,2,294,9,3,보통
11,53,2,294,7,3,여유
11,54,2,294,6,3,여유
11,55,2,294,5,3,보통
11,57,2,294,3,3,여유
11,58,2,294,2,3,보통
12,0,2,294,0,297,여유
12,1,2,0,59,297,여유
12,2,2,0,58,297,여유
12,2,2,0,58,297,여유
12,6,2,0,54,297,여유
12,6,2,0,54,297,여유
12,9,2,0,51,297,여유
12,9,2,0,51,297,여유
12,10,2,0,50,297,여유
12,12,2,0,48,297,보통
12,13,2,0,47,297,여유
12,14,2,0,46,297,여유
12,16,2,0,44,297,여유
12,17,2,0,43,297,여유
12,19,2,0,41,297,여유
12,20,2,0,40,297,여유
12,20,2,0,40,297,여유
12,21,2,0,39,297,여유
12,21,2,0,39,297,여유
12,22,2,0,38,297,여유
12,24,2,0,36,297,여유
12,25,2,0,35,297,여유
12,27,2,0,33,297,여유
12,28,2,0,32,297,보통
12,28,2,0,32,297,여유
12,29,2,0,31,297,여유
12,29,2,0,31,297,여유
12,31,2,29,29,297,여유
12,33,2,29,27,297,여유
12,34,2,29,26,297,여유
12,35,2,29,25,297,여유
12,36,2,29,24,297,여유
12,37,2,29,23,297,여유
12,38,2,29,22,297,여유
12,39,2,29,21,297,여유
12,40,2,29,20,297,여유
12,40,2,29,20,297,여유
12,41,2,29,19,297,여유
12,42,2,29,18,297,여유
12,42,2,29,18,297,여유
12,43,2,29,17,297,여유
12,43,2,29,17,297,여유
12,44,2,29,16,297,여유
12,44,2,29,16,297,여유
12,45,2,29,15,297,여유
12,46,2,29,14,297,여유
12,46,2,29,14,297,여유
12,47,2,29,13,297,여유
12,47,2,29,13,297,여유
12,48,2,29,12,297,여유
12,48,2,29,12,297,여유
12,50,2,29,10,297,여유
12,51,2,29,9,295,여유
12,51,2,29,9,295,보통
12,53,2,29,7,295,여유
12,53,2,29,7,295,여유
12,54,2,29,6,295,여유
12,55,2,29,5,295,여유
12,56,2,29,4,295,여유
12,56,2,29,4,295,여유
12,58,2,29,2,295,여유
12,58,2,29,2,295,여유
12,59,2,29,1,295,여유
13,1,2,0,59,324,여유
13,2,2,0,58,324,여유
13,4,2,0,56,324,여유
13,4,2,0,56,324,여유
13,5,2,0,55,324,여유
13,6,2,0,54,324,여유
13,6,2,0,54,324,여유
13,7,2,0,53,324,여유
13,8,2,0,52,324,여유
13,8,2,0,52,324,여유
13,9,2,0,51,324,여유
13,9,2,0,51,324,여유
13,11,2,0,49,324,여유
13,11,2,0,49,324,여유
13,14,2,0,46,324,여유
13,15,2,0,45,324,여유
13,15,2,0,45,324,여유
13,16,2,0,44,324,여유
13,18,2,0,42,324,여유
13,18,2,0,42,324,여유
13,19,2,0,41,324,여유
13,21,2,0,39,324,여유
13,21,2,0,39,324,여유
13,22,2,0,38,324,여유
13,23,2,0,37,324,여유
13,23,2,0,37,324,여유
13,24,2,0,36,324,여유
13,25,2,0,35,324,여유
13,25,2,0,35,324,여유
13,26,2,0,34,324,여유
13,27,2,0,33,324,여유
13,29,2,0,31,324,여유
13,34,2,19,26,324,여유
13,35,2,19,25,324,여유
13,42,2,19,18,324,여유
13,47,2,19,13,324,여유
13,50,2,19,10,324,여유
13,52,2,19,8,281,여유
13,55,2,19,5,281,보통
14,1,2,0,59,300,여유
14,2,2,0,58,300,여유
14,3,2,0,57,300,여유
14,3,2,0,57,300,여유
14,4,2,0,56,300,여유
14,5,2,0,55,300,여유
14,8,2,0,52,300,여유
14,8,2,0,52,300,여유
14,13,2,0,47,300,여유
14,14,2,0,46,300,여유
14,18,2,0,42,300,보통
14,20,2,0,40,300,여유
14,23,2,0,37,300,여유
14,24,2,0,36,300,여유
14,27,2,0,33,300,보통
14,29,2,0,31,300,여유
14,30,2,260,30,300,여유
14,30,2,260,30,300,여유
14,31,2,260,29,300,여유
14,32,2,260,28,300,여유
14,35,2,260,25,300,여유
14,36,2,260,24,300,여유
14,37,2,260,23,300,여유
14,38,2,260,22,300,여유
14,39,2,260,21,300,여유
14,41,2,260,19,300,여유
14,42,2,260,18,300,여유
14,43,2,260,17,300,여유
14,45,2,260,15,300,여유
14,48,2,260,12,300,여유
14,49,2,260,11,300,여유
14,49,2,260,11,300,여유
14,50,2,260,10,300,여유
14,50,2,260,10,300,여유
14,51,2,260,9,25,여유
14,51,2,260,9,25,여유
14,53,2,260,7,25,여유
14,53,2,260,7,25,여유
14,54,2,260,6,25,여유
14,55,2,260,5,25,여유
14,55,2,260,5,25,여유
14,56,2,260,4,25,여유
14,58,2,260,2,25,여유
14,59,2,260,1,25,여유
14,59,2,260,1,25,여유
15,0,2,260,0,285,여유
15,1,2,0,59,285,여유
15,2,2,0,58,285,여유
15,3,2,0,57,285,여유
15,3,2,0,57,285,여유
15,4,2,0,56,285,보통
15,4,2,0,56,285,여유
15,5,2,0,55,285,여유
15,6,2,0,54,285,여유
15,8,2,0,52,285,보통
15,10,2,0,50,285,여유
15,11,2,0,49,285,보통
15,12,2,0,48,285,여유
15,13,2,0,47,285,여유
15,13,2,0,47,285,여유
15,15,2,0,45,285,여유
15,15,2,0,45,285,여유
15,16,2,0,44,285,여유
15,18,2,0,42,285,보통
15,20,2,0,40,285,여유
15,21,2,0,39,285,여유
15,22,2,0,38,285,여유
15,22,2,0,38,285,여유
15,23,2,0,37,285,여유
15,23,2,0,37,285,여유
15,25,2,0,35,285,여유
15,25,2,0,35,285,여유
15,26,2,0,34,285,여유
15,26,2,0,34,285,여유
15,27,2,0,33,285,여유
15,28,2,0,32,285,여유
15,28,2,0,32,285,여유
15,29,2,0,31,285,여유
15,30,2,35,30,285,여유
15,33,2,35,27,285,여유
15,34,2,35,26,285,여유
15,34,2,35,26,285,여유
15,37,2,35,23,285,여유
15,42,2,35,18,285,여유
15,43,2,35,17,285,여유
15,46,2,35,14,285,여유
15,47,2,35,13,285,여유
15,47,2,35,13,285,여유
15,49,2,35,11,285,여유
15,55,2,35,5,260,여유
15,56,2,35,4,260,여유
15,58,2,35,2,260,여유
15,59,2,35,1,260,여유
16,0,2,35,0,295,여유
16,2,2,0,118,295,여유
16,5,2,0,115,295,여유
16,6,2,0,114,295,여유
16,7,2,0,113,295,여유
16,8,2,0,112,295,보통
16,9,2,0,111,295,여유
16,9,2,0,111,295,여유
16,10,2,0,110,295,여유
16,11,2,0,109,295,여유
16,12,2,0,108,295,여유
16,13,2,0,107,295,여유
16,14,2,0,106,295,여유
16,14,2,0,106,295,여유
16,15,2,0,105,295,여유
16,17,2,0,103,295,여유
16,18,2,0,102,295,여유
16,19,2,0,101,295,여유
16,20,2,0,100,295,여유
16,22,2,0,98,295,여유
16,24,2,0,96,295,여유
16,25,2,0,95,295,여유
16,25,2,0,95,295,여유
16,27,2,0,93,295,여유
16,27,2,0,93,295,여유
16,28,2,0,92,295,여유
16,28,2,0,92,295,여유
16,29,2,0,91,295,여유
16,30,2,0,90,295,여유
16,31,2,0,89,295,여유
16,32,2,0,88,295,여유
16,33,2,0,87,295,여유
16,37,2,0,83,295,여유
16,37,2,0,83,295,여유
16,43,2,0,77,295,여유
16,44,2,0,76,295,보통
16,46,2,0,74,295,여유
16,54,2,0,66,276,여유
16,57,2,0,63,276,여유
16,58,2,0,62,276,여유
17,2,2,0,58,276,여유
17,4,2,0,56,276,여유
17,5,2,0,55,276,여유
17,6,2,0,54,276,여유
17,6,2,0,54,276,여유
17,8,2,0,52,276,보통
17,9,2,0,51,276,보통
17,12,2,0,48,276,여유
17,13,2,0,47,276,여유
17,14,2,0,46,276,여유
17,17,2,0,43,276,보통
17,20,2,0,40,276,보통
17,22,2,0,38,276,여유
17,23,2,0,37,276,여유
17,23,2,0,37,276,여유
17,31,2,39,29,276,여유
17,33,2,39,27,276,여유
17,36,2,39,24,276,여유
17,37,2,39,23,276,여유
17,47,2,39,13,276,여유
17,52,2,39,8,2,여유
17,58,2,39,2,2,여유
18,3,2,0,57,41,여유
18,10,2,0,50,41,보통
18,12,2,0,48,41,보통
18,19,2,0,41,41,보통
18,23,2,0,37,41,여유
18,24,2,0,36,41,여유
18,27,2,0,33,41,여유
18,28,2,0,32,41,여유
18,28,2,0,32,41,여유
18,32,2,6,28,41,보통
18,33,2,6,27,41,보통
18,41,2,6,19,41,여유
18,42,2,6,18,41,여유
18,42,2,6,18,41,여유
18,43,2,6,17,41,여유
18,44,2,6,16,41,보통
18,48,2,6,12,41,여유
18,49,2,6,11,41,여유
18,50,2,6,10,41,여유
18,52,2,6,8,39,여유
18,52,2,6,8,39,여유
18,54,2,6,6,39,여유
18,55,2,6,5,39,여유
19,0,2,6,0,45,여유
19,0,2,6,0,45,여유
19,2,2,0,999,45,여유
19,5,2,0,999,45,여유
19,6,2,0,999,45,여유
19,7,2,0,999,45,여유
19,9,2,0,999,45,여유
19,10,2,0,999,45,여유
19,10,2,0,999,45,여유
19,14,2,0,999,45,여유
19,16,2,0,999,45,여유
19,17,2,0,999,45,여유
19,22,2,0,999,45,여유
19,23,2,0,999,45,여유
19,23,2,0,999,45,여유
19,27,2,0,999,45,여유
19,30,2,0,999,45,여유
19,31,2,0,999,45,여유
19,39,2,0,999,45,여유
19,40,2,0,999,45,여유
19,42,2,0,999,45,여유
19,45,2,0,999,45,여유
19,46,2,0,999,45,여유
19,47,2,0,999,45,여유
19,48,2,0,999,45,여유
19,50,2,0,999,45,여유
19,52,2,0,999,44,여유
19,53,2,0,999,44,여유
19,54,2,0,999,44,여유
19,59,2,0,999,44,여유
20,0,2,0,999,44,여유
20,2,2,0,999,44,여유
20,3,2,0,999,44,여유
20,4,2,0,999,44,여유
20,9,2,0,999,44,여유
20,11,2,0,999,44,여유
20,12,2,0,999,44,여유
20,15,2,0,999,44,여유
20,17,2,0,999,44,여유
20,21,2,0,999,44,여유
20,22,2,0,999,44,여유
20,26,2,0,999,44,여유
20,30,2,0,999,44,여유
20,30,2,0,999,44,여유
20,31,2,0,999,44,여유
20,32,2,0,999,44,여유
20,33,2,0,999,44,여유
20,34,2,0,999,44,여유
20,35,2,0,999,44,여유
20,36,2,0,999,44,여유
20,37,2,0,999,44,여유
20,38,2,0,999,44,여유
20,40,2,0,999,44,여유
20,44,2,0,999,44,여유
20,46,2,0,999,44,여유
20,46,2,0,999,44,여유
20,53,2,0,999,0,보통
20,57,2,0,999,0,여유
20,58,2,0,999,0,여유
20,58,2,0,999,0,여유
20,59,2,0,999,0,여유
8,0,3,0,60,0,보통
8,6,3,0,54,0,보통
8,6,3,0,54,0,여유
8,8,3,0,52,0,여유
8,12,3,0,48,0,보통
8,12,3,0,48,0,보통
8,13,3,0,47,0,보통
8,14,3,0,46,0,보통
8,15,3,0,45,0,보통
8,15,3,0,45,0,혼잡
8,16,3,0,44,0,혼잡
8,17,3,0,43,0,여유
8,18,3,0,42,0,여유
8,21,3,0,39,0,여유
8,21,3,0,39,0,여유
8,22,3,0,38,0,보통
8,23,3,0,37,0,혼잡
8,24,3,0,36,0,보통
8,26,3,0,34,0,여유
8,27,3,0,33,0,여유
8,28,3,0,32,0,보통
8,28,3,0,32,0,여유
8,29,3,0,31,0,여유
8,32,3,118,28,0,여유
8,35,3,118,25,0,보통
8,35,3,118,25,0,보통
8,40,3,118,20,0,보통
8,43,3,118,17,0,보통
8,43,3,118,17,0,여유
8,44,3,118,16,0,여유
8,45,3,118,15,0,여유
8,45,3,118,15,0,여유
8,49,3,118,11,0,여유
8,52,3,118,8,0,여유
8,55,3,118,5,0,혼잡
8,55,3,118,5,0,혼잡
8,56,3,118,4,0,보통
8,57,3,118,3,0,보통
8,59,3,118,1,0,여유
9,0,3,118,0,118,여유
9,0,3,118,0,118,여유
9,2,3,0,58,118,여유
9,6,3,0,54,118,보통
9,7,3,0,53,118,여유
9,11,3,0,49,118,혼잡
9,14,3,0,46,118,보통
9,15,3,0,45,118,보통
9,15,3,0,45,118,여유
9,16,3,0,44,118,여유
9,17,3,0,43,118,여유
9,17,3,0,43,118,여유
9,18,3,0,42,118,보통
9,22,3,0,38,118,여유
9,25,3,0,35,118,여유
9,25,3,0,35,118,여유
9,27,3,0,33,118,보통
9,30,3,38,30,118,보통
9,31,3,38,29,118,여유
9,33,3,38,27,118,여유
9,33,3,38,27,118,보통
9,34,3,38,26,118,여유
9,37,3,38,23,118,여유
9,39,3,38,21,118,보통
9,40,3,38,20,118,보통
9,43,3,38,17,118,여유
9,44,3,38,16,118,여유
9,45,3,38,15,118,여유
9,46,3,38,14,118,여유
9,48,3,38,12,118,여유
9,51,3,38,9,118,혼잡
9,52,3,38,8,118,여유
9,56,3,38,4,118,여유
9,56,3,38,4,118,여유
9,57,3,38,3,118,보통
9,58,3,38,2,118,보통
10,1,3,0,59,156,여유
10,3,3,0,57,156,보통
10,4,3,0,56,156,여유
10,5,3,0,55,156,여유
10,7,3,0,53,156,보통
10,14,3,0,46,156,보통
10,16,3,0,44,156,보통
10,17,3,0,43,156,여유
10,19,3,0,41,156,보통
10,25,3,0,35,156,혼잡
10,25,3,0,35,156,보통
10,26,3,0,34,156,여유
10,28,3,0,32,156,혼잡
10,29,3,0,31,156,보통
10,30,3,3,30,156,혼잡
10,30,3,3,30,156,혼잡
10,32,3,3,28,156,혼잡
10,33,3,3,27,156,보통
10,34,3,3,26,156,보통
10,37,3,3,23,156,혼잡
10,37,3,3,23,156,혼잡
10,41,3,3,19,156,여유
10,42,3,3,18,156,보통
10,44,3,3,16,156,보통
10,45,3,3,15,156,여유
10,45,3,3,15,156,보통
10,48,3,3,12,156,여유
10,54,3,3,6,153,여유
10,55,3,3,5,153,여유
10,55,3,3,5,153,여유
10,58,3,3,2,153,보통
10,59,3,3,1,153,여유
11,2,3,0,58,156,혼잡
11,13,3,0,47,156,여유
11,13,3,0,47,156,여유
11,15,3,0,45,156,보통
11,18,3,0,42,156,혼잡
11,18,3,0,42,156,보통
11,20,3,0,40,156,여유
11,22,3,0,38,156,여유
11,25,3,0,35,156,보통
11,27,3,0,33,156,혼잡
11,33,3,265,27,156,보통
11,35,3,265,25,156,여유
11,35,3,265,25,156,여유
11,36,3,265,24,156,여유
11,39,3,265,21,156,여유
11,40,3,265,20,156,여유
11,45,3,265,15,156,보통
11,46,3,265,14,156,보통
11,47,3,265,13,156,여유
11,48,3,265,12,156,여유
11,49,3,265,11,156,보통
11,52,3,265,8,9,보통
11,53,3,265,7,9,보통
11,54,3,265,6,9,여유
11,58,3,265,2,9,보통
11,59,3,265,1,9,여유
12,1,3,0,59,274,보통
12,2,3,0,58,274,보통
12,4,3,0,56,274,여유
12,5,3,0,55,274,여유
12,5,3,0,55,274,여유
12,7,3,0,53,274,보통
12,8,3,0,52,274,보통
12,9,3,0,51,274,여유
12,12,3,0,48,274,보통
12,12,3,0,48,274,여유
12,13,3,0,47,274,여유
12,13,3,0,47,274,여유
12,15,3,0,45,274,여유
12,20,3,0,40,274,여유
12,20,3,0,40,274,여유
12,21,3,0,39,274,여유
12,26,3,0,34,274,보통
12,27,3,0,33,274,여유
12,28,3,0,32,274,여유
12,31,3,19,29,274,보통
12,32,3,19,28,274,여유
12,33,3,19,27,274,여유
12,33,3,19,27,274,여유
12,35,3,19,25,274,여유
12,38,3,19,22,274,여유
12,39,3,19,21,274,여유
12,41,3,19,19,274,여유
12,41,3,19,19,274,보통
12,43,3,19,17,274,보통
12,44,3,19,16,274,여유
12,44,3,19,16,274,여유
12,47,3,19,13,274,보통
12,48,3,19,12,274,보통
12,48,3,19,12,274,여유
12,50,3,19,10,274,보통
12,51,3,19,9,266,여유
12,52,3,19,8,266,여유
12,54,3,19,6,266,여유
12,55,3,19,5,266,보통
12,57,3,19,3,266,보통
12,59,3,19,1,266,여유
13,0,3,19,0,285,여유
13,1,3,0,59,285,보통
13,5,3,0,55,285,보통
13,7,3,0,53,285,보통
13,8,3,0,52,285,보통
13,12,3,0,48,285,여유
13,12,3,0,48,285,여유
13,15,3,0,45,285,여유
13,17,3,0,43,285,여유
13,17,3,0,43,285,여유
13,18,3,0,42,285,보통
13,19,3,0,41,285,여유
13,20,3,0,40,285,여유
13,24,3,0,36,285,여유
13,24,3,0,36,285,여유
13,25,3,0,35,285,여유
13,27,3,0,33,285,보통
13,28,3,0,32,285,보통
13,29,3,0,31,285,여유
13,30,3,25,30,285,보통
13,32,3,25,28,285,여유
13,33,3,25,27,285,여유
13,36,3,25,24,285,보통
13,38,3,25,22,285,여유
13,39,3,25,21,285,여유
13,41,3,25,19,285,여유
13,43,3,25,17,285,여유
13,43,3,25,17,285,여유
13,44,3,25,16,285,보통
13,44,3,25,16,285,보통
13,52,3,25,8,257,보통
13,55,3,25,5,257,여유
13,57,3,25,3,257,보통
13,59,3,25,1,257,여유
13,59,3,25,1,257,여유
14,1,3,0,59,282,보통
14,2,3,0,58,282,여유
14,2,3,0,58,282,보통
14,6,3,0,54,282,여유
14,7,3,0,53,282,여유
14,7,3,0,53,282,여유
14,8,3,0,52,282,여유
14,10,3,0,50,282,보통
14,12,3,0,48,282,여유
14,15,3,0,45,282,여유
14,18,3,0,42,282,보통
14,19,3,0,41,282,여유
14,20,3,0,40,282,보통
14,22,3,0,38,282,여유
14,28,3,0,32,282,여유
14,29,3,0,31,282,여유
14,31,3,242,29,282,여유
14,31,3,242,29,282,여유
14,32,3,242,28,282,여유
14,33,3,242,27,282,여유
14,34,3,242,26,282,여유
14,34,3,242,26,282,여유
14,35,3,242,25,282,여유
14,35,3,242,25,282,여유
14,37,3,242,23,282,여유
14,39,3,242,21,282,보통
14,42,3,242,18,282,여유
14,43,3,242,17,282,여유
14,46,3,242,14,282,여유
14,47,3,242,13,282,여유
14,48,3,242,12,282,여유
14,50,3,242,10,282,여유
14,51,3,242,9,28,여유
14,53,3,242,7,28,여유
14,55,3,242,5,28,여유
15,2,3,0,58,270,여유
15,3,3,0,57,270,여유
15,5,3,0,55,270,여유
15,6,3,0,54,270,여유
15,8,3,0,52,270,여유
15,8,3,0,52,270,여유
15,13,3,0,47,270,여유
15,15,3,0,45,270,여유
15,16,3,0,44,270,여유
15,16,3,0,44,270,여유
15,17,3,0,43,270,여유
15,18,3,0,42,270,여유
15,19,3,0,41,270,여유
15,21,3,0,39,270,여유
15,22,3,0,38,270,여유
15,24,3,0,36,270,여유
15,26,3,0,34,270,여유
15,27,3,0,33,270,여유
15,29,3,0,31,270,여유
15,30,3,14,30,270,여유
15,31,3,14,29,270,여유
15,32,3,14,28,270,여유
15,34,3,14,26,270,여유
15,34,3,14,26,270,여유
15,35,3,14,25,270,여유
15,36,3,14,24,270,여유
15,36,3,14,24,270,여유
15,40,3,14,20,270,여유
15,41,3,14,19,270,여유
15,44,3,14,16,270,여유
15,45,3,14,15,270,여유
15,53,3,14,7,246,여유
15,56,3,14,4,246,여유
15,56,3,14,4,246,여유
16,3,3,0,57,260,여유
16,7,3,0,53,260,여유
16,8,3,0,52,260,여유
16,9,3,0,51,260,여유
16,14,3,0,46,260,여유
16,15,3,0,45,260,여유
16,18,3,0,42,260,여유
16,20,3,0,40,260,여유
16,24,3,0,36,260,여유
16,29,3,0,31,260,여유
16,30,3,1,30,260,여유
16,30,3,1,30,260,여유
16,31,3,1,29,260,여유
16,32,3,1,28,260,여유
16,33,3,1,27,260,여유
16,34,3,1,26,260,여유
16,34,3,1,26,260,여유
16,35,3,1,25,260,여유
16,36,3,1,24,260,여유
16,38,3,1,22,260,여유
16,46,3,1,14,260,여유
16,46,3,1,14,260,여유
16,50,3,1,10,260,여유
16,55,3,1,5,234,여유
16,56,3,1,4,234,여유
16,57,3,1,3,234,여유
17,1,3,0,59,235,여유
17,2,3,0,58,235,여유
17,4,3,0,56,235,여유
17,8,3,0,52,235,보통
17,9,3,0,51,235,여유
17,11,3,0,49,235,여유
17,11,3,0,49,235,여유
17,13,3,0,47,235,여유
17,14,3,0,46,235,여유
17,14,3,0,46,235,여유
17,15,3,0,45,235,여유
17,15,3,0,45,235,여유
17,20,3,0,40,235,여유
17,24,3,0,36,235,여유
17,24,3,0,36,235,보통
17,26,3,0,34,235,여유
17,26,3,0,34,235,여유
17,29,3,0,31,235,여유
17,31,3,32,29,235,여유
17,31,3,32,29,235,여유
17,35,3,32,25,235,여유
17,37,3,32,23,235,여유
17,40,3,32,20,235,여유
17,41,3,32,19,235,여유
17,42,3,32,18,235,여유
17,43,3,32,17,235,여유
17,44,3,32,16,235,여유
17,46,3,32,14,235,여유
17,50,3,32,10,235,여유
17,57,3,32,3,6,여유
18,2,3,0,58,38,여유
18,5,3,0,55,38,여유
18,8,3,0,52,38,여유
18,9,3,0,51,38,여유
18,11,3,0,49,38,여유
18,13,3,0,47,38,여유
18,16,3,0,44,38,여유
18,17,3,0,43,38,여유
18,18,3,0,42,38,여유
18,18,3,0,42,38,여유
18,20,3,0,40,38,여유
18,20,3,0,40,38,여유
18,22,3,0,38,38,여유
18,25,3,0,35,38,여유
18,26,3,0,34,38,여유
18,27,3,0,33,38,여유
18,29,3,0,31,38,여유
18,38,3,1,22,38,여유
18,39,3,1,21,38,여유
18,39,3,1,21,38,여유
18,44,3,1,16,38,보통
18,47,3,1,13,38,여유
18,47,3,1,13,38,여유
18,48,3,1,12,38,여유
18,49,3,1,11,38,여유
18,50,3,1,10,38,여유
18,52,3,1,8,33,보통
18,56,3,1,4,33,여유
19,2,3,0,999,34,여유
19,2,3,0,999,34,여유
19,3,3,0,999,34,여유
19,7,3,0,999,34,여유
19,8,3,0,999,34,여유
19,10,3,0,999,34,여유
19,11,3,0,999,34,여유
19,12,3,0,999,34,여유
19,13,3,0,999,34,여유
19,14,3,0,999,34,여유
19,16,3,0,999,34,여유
19,20,3,0,999,34,여유
19,24,3,0,999,34,여유
19,24,3,0,999,34,여유
19,25,3,0,999,34,여유
19,26,3,0,999,34,여유
19,26,3,0,999,34,여유
19,28,3,0,999,34,여유
19,32,3,0,999,34,여유
19,33,3,0,999,34,여유
19,34,3,0,999,34,여유
19,35,3,0,999,34,보통
19,36,3,0,999,34,여유
19,37,3,0,999,34,여유
19,40,3,0,999,34,여유
19,49,3,0,999,34,여유
19,52,3,0,999,23,여유
19,53,3,0,999,23,여유
19,53,3,0,999,23,여유
19,54,3,0,999,23,여유
19,55,3,0,999,23,여유
19,57,3,0,999,23,여유
19,59,3,0,999,23,여유
20,11,3,0,999,23,여유
20,11,3,0,999,23,여유
20,13,3,0,999,23,여유
20,14,3,0,999,23,여유
20,14,3,0,999,23,여유
20,15,3,0,999,23,여유
20,20,3,0,999,23,보통
20,26,3,0,999,23,보통
20,35,3,0,999,23,여유
20,36,3,0,999,23,여유
20,41,3,0,999,23,여유
20,41,3,0,999,23,여유
20,42,3,0,999,23,여유
20,43,3,0,999,23,여유
20,44,3,0,999,23,보통
20,47,3,0,999,23,여유
20,51,3,0,999,0,여유
20,51,3,0,999,0,여유
20,52,3,0,999,0,여유
20,56,3,0,999,0,보통
8,0,4,0,60,0,여유
8,0,4,0,60,0,보통
8,2,4,0,58,0,여유
8,4,4,0,56,0,여유
8,4,4,0,56,0,여유
8,5,4,0,55,0,여유
8,6,4,0,54,0,여유
8,6,4,0,54,0,보통
8,7,4,0,53,0,여유
8,9,4,0,51,0,보통
8,9,4,0,51,0,여유
8,10,4,0,50,0,여유
8,10,4,0,50,0,여유
8,11,4,0,49,0,여유
8,12,4,0,48,0,보통
8,24,4,0,36,0,보통
8,24,4,0,36,0,보통
8,3,5,0,57,0,보통
8,4,5,0,56,0,여유
8,6,5,0,54,0,보통
8,7,5,0,53,0,보통
8,8,5,0,52,0,혼잡
8,9,5,0,51,0,보통
8,10,5,0,50,0,보통
8,12,5,0,48,0,보통
8,13,5,0,47,0,혼잡
8,13,5,0,47,0,보통
8,16,5,0,44,0,보통
8,19,5,0,41,0,보통
8,20,5,0,40,0,보통
8,21,5,0,39,0,보통
8,21,5,0,39,0,보통
8,22,5,0,38,0,혼잡
8,23,5,0,37,0,혼잡
8,24,5,0,36,0,보통
8,25,5,0,35,0,혼잡
8,29,5,0,31,0,보통
8,30,5,231,30,0,보통
8,30,5,231,30,0,여유
8,31,5,231,29,0,여유
8,31,5,231,29,0,여유
8,32,5,231,28,0,보통
8,33,5,231,27,0,보통
8,37,5,231,23,0,여유
8,38,5,231,22,0,여유
8,39,5,231,21,0,여유
8,50,5,231,10,0,여유
8,51,5,231,9,0,여유
8,52,5,231,8,0,보통
8,53,5,231,7,0,여유
8,54,5,231,6,0,여유
8,57,5,231,3,0,보통
8,58,5,231,2,0,보통
8,58,5,231,2,0,여유
8,59,5,231,1,0,보통
9,0,5,231,0,231,여유
9,5,5,0,55,231,보통
9,9,5,0,51,231,보통
9,15,5,0,45,231,여유
9,17,5,0,43,231,보통
9,18,5,0,42,231,여유
9,21,5,0,39,231,혼잡
9,24,5,0,36,231,여유
9,26,5,0,34,231,보통
9,28,5,0,32,231,보통
9,34,5,9,26,231,보통
9,35,5,9,25,231,보통
9,36,5,9,24,231,보통
9,37,5,9,23,231,여유
9,40,5,9,20,231,여유
9,42,5,9,18,231,여유
9,48,5,9,12,231,보통
9,50,5,9,10,231,혼잡
9,56,5,9,4,231,보통
9,58,5,9,2,231,여유
9,59,5,9,1,231,여유
9,59,5,9,1,231,여유
10,3,5,0,57,240,보통
10,5,5,0,55,240,보통
10,8,5,0,52,240,여유
10,10,5,0,50,240,보통
10,14,5,0,46,240,보통
10,16,5,0,44,240,보통
10,19,5,0,41,240,혼잡
10,19,5,0,41,240,혼잡
10,20,5,0,40,240,보통
10,21,5,0,39,240,보통
10,22,5,0,38,240,보통
10,25,5,0,35,240,혼잡
10,28,5,0,32,240,보통
10,28,5,0,32,240,보통
10,29,5,0,31,240,보통
10,32,5,6,28,240,보통
10,33,5,6,27,240,여유
10,36,5,6,24,240,여유
10,38,5,6,22,240,여유
10,39,5,6,21,240,여유
10,41,5,6,19,240,여유
10,41,5,6,19,240,보통
10,45,5,6,15,240,여유
10,45,5,6,15,240,보통
10,48,5,6,12,240,여유
10,49,5,6,11,240,보통
10,50,5,6,10,240,여유
10,54,5,6,6,231,혼잡
10,56,5,6,4,231,여유
10,57,5,6,3,231,보통
10,57,5,6,3,231,보통
10,59,5,6,1,231,보통
11,4,5,0,56,237,여유
11,5,5,0,55,237,여유
11,7,5,0,53,237,보통
11,7,5,0,53,237,여유
11,9,5,0,51,237,혼잡
11,10,5,0,50,237,혼잡
11,12,5,0,48,237,혼잡
11,13,5,0,47,237,혼잡
11,14,5,0,46,237,여유
11,14,5,0,46,237,여유
11,18,5,0,42,237,보통
11,19,5,0,41,237,혼잡
11,25,5,0,35,237,보통
11,27,5,0,33,237,보통
11,32,5,21,28,237,여유
11,33,5,21,27,237,혼잡
11,34,5,21,26,237,보통
11,37,5,21,23,237,여유
11,37,5,21,23,237,여유
11,38,5,21,22,237,혼잡
11,40,5,21,20,237,보통
11,40,5,21,20,237,여유
11,42,5,21,18,237,보통
11,43,5,21,17,237,여유
11,43,5,21,17,237,여유
11,44,5,21,16,237,여유
11,44,5,21,16,237,여유
11,48,5,21,12,237,여유
11,48,5,21,12,237,여유
11,49,5,21,11,237,여유
11,49,5,21,11,237,여유
11,50,5,21,10,237,여유
11,52,5,21,8,9,여유
11,55,5,21,5,9,여유
11,58,5,21,2,9,혼잡
12,0,5,21,0,30,여유
12,0,5,21,0,30,여유
12,3,5,0,57,30,여유
12,6,5,0,54,30,여유
12,6,5,0,54,30,여유
12,8,5,0,52,30,여유
12,9,5,0,51,30,여유
12,11,5,0,49,30,보통
12,16,5,0,44,30,여유
12,20,5,0,40,30,여유
12,24,5,0,36,30,여유
12,27,5,0,33,30,여유
12,30,5,5,30,30,여유
12,31,5,5,29,30,여유
12,31,5,5,29,30,보통
12,32,5,5,28,30,여유
12,33,5,5,27,30,여유
12,35,5,5,25,30,혼잡
12,37,5,5,23,30,여유
12,40,5,5,20,30,보통
12,40,5,5,20,30,보통
12,42,5,5,18,30,여유
12,43,5,5,17,30,여유
12,44,5,5,16,30,여유
12,45,5,5,15,30,보통
12,46,5,5,14,30,여유
12,47,5,5,13,30,여유
12,50,5,5,10,30,여유
12,50,5,5,10,30,여유
12,52,5,5,8,21,보통
12,52,5,5,8,21,여유
12,54,5,5,6,21,여유
12,54,5,5,6,21,보통
12,55,5,5,5,21,혼잡
12,57,5,5,3,21,여유
12,58,5,5,2,21,여유
13,2,5,0,58,26,여유
13,6,5,0,54,26,여유
13,7,5,0,53,26,여유
13,7,5,0,53,26,여유
13,8,5,0,52,26,보통
13,9,5,0,51,26,여유
13,9,5,0,51,26,여유
13,10,5,0,50,26,여유
13,10,5,0,50,26,여유
13,11,5,0,49,26,보통
13,12,5,0,48,26,혼잡
13,14,5,0,46,26,혼잡
13,15,5,0,45,26,혼잡
13,15,5,0,45,26,혼잡
13,16,5,0,44,26,혼잡
13,17,5,0,43,26,보통
13,18,5,0,42,26,여유
13,18,5,0,42,26,여유
13,21,5,0,39,26,보통
13,21,5,0,39,26,보통
13,23,5,0,37,26,여유
13,25,5,0,35,26,여유
13,29,5,0,31,26,보통
13,30,5,5,30,26,여유
13,35,5,5,25,26,보통
13,36,5,5,24,26,보통
13,37,5,5,23,26,보통
13,40,5,5,20,26,혼잡
13,43,5,5,17,26,여유
13,43,5,5,17,26,여유
13,44,5,5,16,26,여유
13,44,5,5,16,26,여유
13,46,5,5,14,26,여유
13,47,5,5,13,26,보통
13,47,5,5,13,26,여유
13,48,5,5,12,26,보통
13,51,5,5,9,26,여유
13,51,5,5,9,26,여유
13,58,5,5,2,26,보통
13,59,5,5,1,26,보통
13,59,5,5,1,26,보통
14,1,5,0,59,31,보통
14,3,5,0,57,31,여유
14,4,5,0,56,31,여유
14,4,5,0,56,31,보통
14,5,5,0,55,31,여유
14,6,5,0,54,31,여유
14,6,5,0,54,31,여유
14,8,5,0,52,31,보통
14,9,5,0,51,31,여유
14,10,5,0,50,31,여유
14,11,5,0,49,31,여유
14,13,5,0,47,31,여유
14,15,5,0,45,31,여유
14,15,5,0,45,31,여유
14,16,5,0,44,31,여유
14,18,5,0,42,31,여유
14,22,5,0,38,31,여유
14,25,5,0,35,31,보통
14,26,5,0,34,31,여유
14,27,5,0,33,31,여유
14,28,5,0,32,31,여유
14,33,5,12,27,31,여유
14,34,5,12,26,31,여유
14,34,5,12,26,31,여유
14,35,5,12,25,31,여유
14,37,5,12,23,31,여유
14,38,5,12,22,31,여유
14,39,5,12,21,31,보통
14,40,5,12,20,31,여유
14,41,5,12,19,31,여유
14,44,5,12,16,31,여유
14,45,5,12,15,31,여유
14,46,5,12,14,31,여유
14,46,5,12,14,31,여유
14,51,5,12,9,8,여유
14,52,5,12,8,8,여유
14,53,5,12,7,8,여유
14,55,5,12,5,8,여유
14,56,5,12,4,8,여유
14,56,5,12,4,8,여유
15,1,5,0,59,20,여유
15,1,5,0,59,20,여유
15,2,5,0,58,20,여유
15,2,5,0,58,20,여유
15,4,5,0,56,20,여유
15,4,5,0,56,20,여유
15,5,5,0,55,20,여유
15,6,5,0,54,20,여유
15,7,5,0,53,20,여유
15,11,5,0,49,20,여유
15,12,5,0,48,20,여유
15,14,5,0,46,20,여유
15,15,5,0,45,20,여유
15,16,5,0,44,20,여유
15,17,5,0,43,20,여유
15,17,5,0,43,20,여유
15,20,5,0,40,20,여유
15,23,5,0,37,20,여유
15,24,5,0,36,20,여유
15,26,5,0,34,20,여유
15,28,5,0,32,20,여유
15,34,5,3,26,20,여유
15,42,5,3,18,20,여유
15,45,5,3,15,20,여유
15,47,5,3,13,20,여유
15,51,5,3,9,12,보통
15,55,5,3,5,12,여유
15,56,5,3,4,12,보통
15,58,5,3,2,12,보통
16,6,5,0,114,15,여유
16,10,5,0,110,15,여유
16,11,5,0,109,15,여유
16,13,5,0,107,15,여유
16,14,5,0,106,15,여유
16,21,5,0,99,15,여유
16,27,5,0,93,15,여유
16,29,5,0,91,15,여유
16,33,5,0,87,15,보통
16,41,5,0,79,15,여유
16,44,5,0,76,15,여유
16,45,5,0,75,15,여유
16,46,5,0,74,15,여유
16,47,5,0,73,15,여유
16,49,5,0,71,15,여유
16,51,5,0,69,15,여유
16,59,5,0,61,15,여유
17,3,5,0,57,15,보통
17,3,5,0,57,15,여유
17,4,5,0,56,15,여유
17,4,5,0,56,15,여유
17,5,5,0,55,15,여유
17,6,5,0,54,15,여유
17,7,5,0,53,15,여유
17,7,5,0,53,15,여유
17,8,5,0,52,15,여유
17,8,5,0,52,15,여유
17,9,5,0,51,15,여유
17,10,5,0,50,15,여유
17,11,5,0,49,15,여유
17,11,5,0,49,15,여유
17,15,5,0,45,15,여유
17,15,5,0,45,15,여유
17,16,5,0,44,15,여유
17,17,5,0,43,15,여유
17,17,5,0,43,15,여유
17,18,5,0,42,15,여유
17,19,5,0,41,15,여유
17,22,5,0,38,15,여유
17,25,5,0,35,15,여유
17,29,5,0,31,15,여유
17,29,5,0,31,15,여유
17,30,5,2,30,15,여유
17,31,5,2,29,15,여유
17,33,5,2,27,15,여유
17,33,5,2,27,15,여유
17,34,5,2,26,15,여유
17,34,5,2,26,15,여유
17,35,5,2,25,15,여유
17,42,5,2,18,15,여유
17,43,5,2,17,15,여유
17,45,5,2,15,15,여유
17,47,5,2,13,15,여유
17,47,5,2,13,15,여유
17,54,5,2,6,1,여유
17,55,5,2,5,1,여유
17,55,5,2,5,1,여유
17,59,5,2,1,1,여유
18,0,5,2,0,3,여유
18,6,5,0,999,3,여유
18,7,5,0,999,3,여유
18,8,5,0,999,3,여유
18,9,5,0,999,3,여유
18,14,5,0,999,3,보통
18,14,5,0,999,3,보통
18,15,5,0,999,3,보통
18,16,5,0,999,3,여유
18,17,5,0,999,3,여유
18,25,5,0,999,3,여유
18,30,5,0,999,3,여유
18,31,5,0,999,3,여유
18,35,5,0,999,3,여유
18,45,5,0,999,3,여유
18,46,5,0,999,3,여유
18,47,5,0,999,3,여유
18,58,5,0,999,2,여유
19,0,5,0,999,2,여유
19,3,5,0,999,2,여유
19,4,5,0,999,2,여유
19,6,5,0,999,2,여유
19,6,5,0,999,2,여유
19,14,5,0,999,2,여유
19,17,5,0,999,2,여유
19,19,5,0,999,2,여유
19,20,5,0,999,2,여유
19,20,5,0,999,2,여유
19,22,5,0,999,2,여유
19,22,5,0,999,2,여유
19,26,5,0,999,2,여유
19,28,5,0,999,2,여유
19,39,5,0,999,2,여유
19,42,5,0,999,2,여유
19,45,5,0,999,2,여유
19,46,5,0,999,2,여유
19,47,5,0,999,2,여유
19,54,5,0,999,2,여유
19,56,5,0,999,2,여유
19,58,5,0,999,2,여유
19,59,5,0,999,2,여유
20,0,5,0,999,2,여유
20,1,5,0,999,2,여유
20,1,5,0,999,2,여유
20,3,5,0,999,2,여유
20,5,5,0,999,2,여유
20,6,5,0,999,2,여유
20,6,5,0,999,2,여유
20,12,5,0,999,2,여유
20,14,5,0,999,2,보통
20,16,5,0,999,2,여유
20,17,5,0,999,2,여유
20,20,5,0,999,2,여유
20,21,5,0,999,2,여유
20,21,5,0,999,2,여유
20,25,5,0,999,2,여유
20,28,5,0,999,2,보통
20,30,5,0,999,2,여유
20,31,5,0,999,2,여유
20,33,5,0,999,2,여유
20,40,5,0,999,2,여유
20,40,5,0,999,2,여유
20,45,5,0,999,2,여유
20,54,5,0,999,0,여유
20,56,5,0,999,0,여유
20,57,5,0,999,0,여유
20,58,5,0,999,0,여유
20,59,5,0,999,0,여유
20,59,5,0,999,0,여유
8,1,6,0,999,0,혼잡
8,4,6,0,999,0,보통
8,4,6,0,999,0,보통
8,11,6,0,999,0,혼잡
8,12,6,0,999,0,혼잡
8,13,6,0,999,0,혼잡
8,16,6,0,999,0,보통
8,18,6,0,999,0,보통
8,19,6,0,999,0,보통
8,24,6,0,999,0,보통
8,25,6,0,999,0,보통
8,25,6,0,999,0,보통
8,30,6,0,999,0,여유
8,31,6,0,999,0,여유
8,31,6,0,999,0,여유
8,33,6,0,999,0,보통
8,33,6,0,999,0,보통
8,36,6,0,999,0,보통
8,36,6,0,999,0,혼잡
8,39,6,0,999,0,보통
8,41,6,0,999,0,보통
8,42,6,0,999,0,여유
8,47,6,0,999,0,여유
8,49,6,0,999,0,혼잡
8,57,6,0,999,0,보통
9,0,6,0,999,0,여유
9,3,6,0,999,0,여유
9,4,6,0,999,0,보통
9,10,6,0,999,0,혼잡
9,12,6,0,999,0,보통
9,12,6,0,999,0,여유
9,14,6,0,999,0,보통
9,15,6,0,999,0,보통
9,19,6,0,999,0,여유
9,22,6,0,999,0,보통
9,27,6,0,999,0,보통
9,28,6,0,999,0,보통
9,30,6,0,999,0,여유
9,32,6,0,999,0,여유
9,33,6,0,999,0,여유
9,35,6,0,999,0,여유
9,35,6,0,999,0,여유
9,39,6,0,999,0,여유
9,41,6,0,999,0,보통
9,42,6,0,999,0,보통
9,42,6,0,999,0,보통
9,44,6,0,999,0,여유
9,45,6,0,999,0,여유
9,46,6,0,999,0,여유
9,51,6,0,999,0,보통
9,51,6,0,999,0,보통
9,54,6,0,999,0,여유
9,54,6,0,999,0,여유
9,55,6,0,999,0,여유
9,56,6,0,999,0,여유
9,56,6,0,999,0,여유
10,0,6,0,999,0,혼잡
10,1,6,0,999,0,여유
10,2,6,0,999,0,여유
10,3,6,0,999,0,보통
10,3,6,0,999,0,보통
10,4,6,0,999,0,혼잡
10,8,6,0,999,0,보통
10,11,6,0,999,0,보통
10,11,6,0,999,0,여유
10,22,6,0,999,0,혼잡
10,23,6,0,999,0,혼잡
10,24,6,0,999,0,보통
10,26,6,0,999,0,보통
10,30,6,0,999,0,보통
10,32,6,0,999,0,보통
10,36,6,0,999,0,보통
10,36,6,0,999,0,보통
10,37,6,0,999,0,여유
10,39,6,0,999,0,보통
10,49,6,0,999,0,여유
10,51,6,0,999,0,혼잡
10,52,6,0,999,0,보통
10,59,6,0,999,0,여유
11,17,6,0,999,0,보통
11,18,6,0,999,0,여유
11,19,6,0,999,0,여유
11,21,6,0,999,0,보통
11,24,6,0,999,0,보통
11,28,6,0,999,0,여유
11,28,6,0,999,0,보통
11,34,6,0,999,0,보통
11,37,6,0,999,0,보통
11,38,6,0,999,0,보통
11,38,6,0,999,0,혼잡
11,40,6,0,999,0,여유
11,41,6,0,999,0,여유
11,41,6,0,999,0,보통
11,44,6,0,999,0,보통
11,49,6,0,999,0,혼잡
11,53,6,0,999,0,여유
11,55,6,0,999,0,여유
11,56,6,0,999,0,보통
11,57,6,0,999,0,여유
12,0,6,0,999,0,혼잡
12,1,6,0,999,0,혼잡
12,5,6,0,999,0,여유
12,8,6,0,999,0,보통
12,8,6,0,999,0,보통
12,9,6,0,999,0,여유
12,11,6,0,999,0,보통
12,13,6,0,999,0,여유
12,14,6,0,999,0,여유
12,14,6,0,999,0,여유
12,15,6,0,999,0,여유
12,17,6,0,999,0,혼잡
12,17,6,0,999,0,보통
12,19,6,0,999,0,여유
12,27,6,0,999,0,혼잡
12,28,6,0,999,0,혼잡
12,28,6,0,999,0,여유
12,29,6,0,999,0,여유
12,32,6,0,999,0,여유
12,35,6,0,999,0,여유
12,40,6,0,999,0,여유
12,40,6,0,999,0,여유
12,42,6,0,999,0,여유
12,44,6,0,999,0,여유
12,45,6,0,999,0,여유
12,45,6,0,999,0,여유
12,46,6,0,999,0,여유
12,49,6,0,999,0,보통
12,50,6,0,999,0,여유
12,50,6,0,999,0,여유
12,52,6,0,999,0,보통
12,52,6,0,999,0,보통
12,57,6,0,999,0,여유
12,59,6,0,999,0,여유
13,2,6,0,999,0,여유
13,2,6,0,999,0,여유
13,10,6,0,999,0,여유
13,11,6,0,999,0,여유
13,11,6,0,999,0,여유
13,17,6,0,999,0,여유
13,20,6,0,999,0,여유
13,22,6,0,999,0,여유
13,23,6,0,999,0,여유
13,25,6,0,999,0,여유
13,26,6,0,999,0,여유
13,27,6,0,999,0,여유
13,29,6,0,999,0,여유
13,29,6,0,999,0,여유
13,30,6,0,999,0,여유
13,30,6,0,999,0,여유
13,34,6,0,999,0,여유
13,35,6,0,999,0,여유
13,38,6,0,999,0,여유
13,39,6,0,999,0,여유
13,40,6,0,999,0,여유
13,41,6,0,999,0,여유
13,44,6,0,999,0,여유
13,45,6,0,999,0,여유
13,45,6,0,999,0,여유
13,46,6,0,999,0,여유
13,49,6,0,999,0,보통
13,50,6,0,999,0,여유
13,51,6,0,999,0,여유
13,52,6,0,999,0,여유
13,52,6,0,999,0,여유
13,53,6,0,999,0,여유
13,56,6,0,999,0,여유
13,58,6,0,999,0,보통
13,59,6,0,999,0,여유
14,1,6,0,999,0,여유
14,2,6,0,999,0,여유
14,3,6,0,999,0,여유
14,4,6,0,999,0,여유
14,7,6,0,999,0,여유
14,10,6,0,999,0,여유
14,12,6,0,999,0,여유
14,12,6,0,999,0,여유
14,13,6,0,999,0,여유
14,13,6,0,999,0,여유
14,14,6,0,999,0,여유
14,15,6,0,999,0,혼잡
14,18,6,0,999,0,보통
14,22,6,0,999,0,여유
14,23,6,0,999,0,여유
14,24,6,0,999,0,여유
14,25,6,0,999,0,여유
14,25,6,0,999,0,보통
14,27,6,0,999,0,여유
14,28,6,0,999,0,여유
14,33,6,0,999,0,여유
14,33,6,0,999,0,여유
14,34,6,0,999,0,여유
14,35,6,0,999,0,여유
14,40,6,0,999,0,여유
14,40,6,0,999,0,여유
14,41,6,0,999,0,여유
14,43,6,0,999,0,여유
14,44,6,0,999,0,여유
14,45,6,0,999,0,여유
14,45,6,0,999,0,여유
14,47,6,0,999,0,여유
14,48,6,0,999,0,여유
14,50,6,0,999,0,여유
14,50,6,0,999,0,여유
14,51,6,0,999,0,여유
14,52,6,0,999,0,여유
14,53,6,0,999,0,여유
14,55,6,0,999,0,여유
14,59,6,0,999,0,여유
15,1,6,0,999,0,여유
15,1,6,0,999,0,여유
15,3,6,0,999,0,여유
15,5,6,0,999,0,여유
15,7,6,0,999,0,여유
15,8,6,0,999,0,여유
15,11,6,0,999,0,여유
15,12,6,0,999,0,여유
15,14,6,0,999,0,보통
15,15,6,0,999,0,보통
15,15,6,0,999,0,보통
15,16,6,0,999,0,보통
15,22,6,0,999,0,여유
15,28,6,0,999,0,보통
15,29,6,0,999,0,보통
15,29,6,0,999,0,보통
15,34,6,0,999,0,여유
15,38,6,0,999,0,보통
15,43,6,0,999,0,보통
15,44,6,0,999,0,보통
15,46,6,0,999,0,보통
15,47,6,0,999,0,보통
15,47,6,0,999,0,여유
15,48,6,0,999,0,여유
15,48,6,0,999,0,여유
15,51,6,0,999,0,보통
15,53,6,0,999,0,보통
15,54,6,0,999,0,보통
15,57,6,0,999,0,여유
15,58,6,0,999,0,여유
15,59,6,0,999,0,여유
16,1,6,0,999,0,여유
16,2,6,0,999,0,여유
16,4,6,0,999,0,여유
16,5,6,0,999,0,여유
16,6,6,0,999,0,보통
16,6,6,0,999,0,보통
16,10,6,0,999,0,보통
16,10,6,0,999,0,보통
16,11,6,0,999,0,보통
16,11,6,0,999,0,보통
16,12,6,0,999,0,보통
16,13,6,0,999,0,여유
16,14,6,0,999,0,여유
16,18,6,0,999,0,여유
16,21,6,0,999,0,보통
16,22,6,0,999,0,보통
16,22,6,0,999,0,보통
16,26,6,0,999,0,여유
16,29,6,0,999,0,보통
16,30,6,0,999,0,보통
16,31,6,0,999,0,보통
16,31,6,0,999,0,보통
16,32,6,0,999,0,보통
16,34,6,0,999,0,여유
16,37,6,0,999,0,보통
16,44,6,0,999,0,보통
16,44,6,0,999,0,보통
16,47,6,0,999,0,보통
16,48,6,0,999,0,보통
16,49,6,0,999,0,여유
16,56,6,0,999,0,보통
16,56,6,0,999,0,보통
16,58,6,0,999,0,보통
16,58,6,0,999,0,보통
16,59,6,0,999,0,보통
17,0,6,0,999,0,보통
17,0,6,0,999,0,보통
17,1,6,0,999,0,보통
17,1,6,0,999,0,보통
17,6,6,0,999,0,보통
17,6,6,0,999,0,보통
17,7,6,0,999,0,보통
17,7,6,0,999,0,보통
17,8,6,0,999,0,보통
17,9,6,0,999,0,보통
17,10,6,0,999,0,보통
17,10,6,0,999,0,보통
17,11,6,0,999,0,보통
17,12,6,0,999,0,보통
17,12,6,0,999,0,보통
17,13,6,0,999,0,보통
17,14,6,0,999,0,여유
17,15,6,0,999,0,보통
17,17,6,0,999,0,보통
17,17,6,0,999,0,보통
17,18,6,0,999,0,보통
17,19,6,0,999,0,보통
17,20,6,0,999,0,보통
17,20,6,0,999,0,보통
17,23,6,0,999,0,보통
17,23,6,0,999,0,보통
17,25,6,0,999,0,보통
17,25,6,0,999,0,보통
17,26,6,0,999,0,보통
17,28,6,0,999,0,보통
17,28,6,0,999,0,보통
17,29,6,0,999,0,보통
17,29,6,0,999,0,보통
17,30,6,0,999,0,보통
17,30,6,0,999,0,보통
17,31,6,0,999,0,보통
17,32,6,0,999,0,보통
17,32,6,0,999,0,보통
17,33,6,0,999,0,보통
17,34,6,0,999,0,보통
17,35,6,0,999,0,보통
17,35,6,0,999,0,보통
17,36,6,0,999,0,보통
17,36,6,0,999,0,보통
17,37,6,0,999,0,보통
17,37,6,0,999,0,보통
17,38,6,0,999,0,보통
17,38,6,0,999,0,보통
17,39,6,0,999,0,보통
17,40,6,0,999,0,보통
17,40,6,0,999,0,보통
17,42,6,0,999,0,보통
17,43,6,0,999,0,보통
17,44,6,0,999,0,보통
17,46,6,0,999,0,보통
17,46,6,0,999,0,보통
17,48,6,0,999,0,보통
17,48,6,0,999,0,보통
17,49,6,0,999,0,보통
17,49,6,0,999,0,보통
17,50,6,0,999,0,보통
17,51,6,0,999,0,보통
17,53,6,0,999,0,보통
17,53,6,0,999,0,보통
17,54,6,0,999,0,보통
17,54,6,0,999,0,보통
17,55,6,0,999,0,보통
17,55,6,0,999,0,보통
17,56,6,0,999,0,보통
17,57,6,0,999,0,보통
17,58,6,0,999,0,보통
18,0,6,0,999,0,보통
18,0,6,0,999,0,보통
18,1,6,0,999,0,보통
18,1,6,0,999,0,보통
18,2,6,0,999,0,보통
18,4,6,0,999,0,여유
18,6,6,0,999,0,여유
18,9,6,0,999,0,여유
18,13,6,0,999,0,여유
18,14,6,0,999,0,여유
18,15,6,0,999,0,여유
18,16,6,0,999,0,여유
18,18,6,0,999,0,여유
18,19,6,0,999,0,여유
18,19,6,0,999,0,여유
18,21,6,0,999,0,여유
18,22,6,0,999,0,여유
18,23,6,0,999,0,여유
18,25,6,0,999,0,여유
18,26,6,0,999,0,여유
18,26,6,0,999,0,여유
18,27,6,0,999,0,여유
18,29,6,0,999,0,여유
18,33,6,0,999,0,여유
18,35,6,0,999,0,여유
18,36,6,0,999,0,여유
18,36,6,0,999,0,여유
18,39,6,0,999,0,여유
18,41,6,0,999,0,여유
18,41,6,0,999,0,여유
18,42,6,0,999,0,여유
18,43,6,0,999,0,여유
18,51,6,0,999,0,여유
18,55,6,0,999,0,여유
18,56,6,0,999,0,여유
19,0,6,0,999,0,여유
19,0,6,0,999,0,여유
19,1,6,0,999,0,여유
19,1,6,0,999,0,여유
19,2,6,0,999,0,여유
19,2,6,0,999,0,여유
19,3,6,0,999,0,여유
19,3,6,0,999,0,여유
19,5,6,0,999,0,여유
19,5,6,0,999,0,여유
19,6,6,0,999,0,여유
19,6,6,0,999,0,여유
19,7,6,0,999,0,여유
19,8,6,0,999,0,여유
19,9,6,0,999,0,여유
19,12,6,0,999,0,여유
19,12,6,0,999,0,여유
19,13,6,0,999,0,여유
19,14,6,0,999,0,여유
19,14,6,0,999,0,여유
19,16,6,0,999,0,여유
19,18,6,0,999,0,여유
19,18,6,0,999,0,여유
19,19,6,0,999,0,여유
19,21,6,0,999,0,여유
19,21,6,0,999,0,여유
19,22,6,0,999,0,여유
19,22,6,0,999,0,여유
19,23,6,0,999,0,여유
19,23,6,0,999,0,여유
19,24,6,0,999,0,여유
19,25,6,0,999,0,여유
19,26,6,0,999,0,여유
19,28,6,0,999,0,여유
19,30,6,0,999,0,여유
19,31,6,0,999,0,여유
19,31,6,0,999,0,여유
19,32,6,0,999,0,여유
19,34,6,0,999,0,여유
19,35,6,0,999,0,여유
19,35,6,0,999,0,여유
19,38,6,0,999,0,여유
19,39,6,0,999,0,여유
19,39,6,0,999,0,여유
19,40,6,0,999,0,여유
19,41,6,0,999,0,여유
19,43,6,0,999,0,여유
19,43,6,0,999,0,여유
19,44,6,0,999,0,여유
19,45,6,0,999,0,여유
19,46,6,0,999,0,여유
19,47,6,0,999,0,여유
19,48,6,0,999,0,여유
19,49,6,0,999,0,여유
19,49,6,0,999,0,여유
19,52,6,0,999,0,여유
19,52,6,0,999,0,여유
19,53,6,0,999,0,여유
19,53,6,0,999,0,여유
19,54,6,0,999,0,여유
19,54,6,0,999,0,여유
19,56,6,0,999,0,여유
19,58,6,0,999,0,여유
19,59,6,0,999,0,여유
20,2,6,0,999,0,여유
20,4,6,0,999,0,여유
20,5,6,0,999,0,여유
20,7,6,0,999,0,여유
20,8,6,0,999,0,여유
20,9,6,0,999,0,여유
20,10,6,0,999,0,여유
20,10,6,0,999,0,여유
20,13,6,0,999,0,여유
20,21,6,0,999,0,여유
20,27,6,0,999,0,여유
20,37,6,0,999,0,여유
20,42,6,0,999,0,여유
20,42,6,0,999,0,여유
20,43,6,0,999,0,여유
20,44,6,0,999,0,여유
20,54,6,0,999,0,여유
20,59,6,0,999,0,보통
